,Player,Pos,Age,Tm,G,MP,PER,TS%,3PAr,FTr,ORB%,DRB%,TRB%,AST%,STL%,BLK%,TOV%,USG%,OWS,DWS,WS,WS/48,OBPM,DBPM,BPM,VORP,Year,PERSON_ID,FIRST_NAME,LAST_NAME,DISPLAY_FIRST_LAST,DISPLAY_LAST_COMMA_FIRST,DISPLAY_FI_LAST,PLAYER_SLUG,BIRTHDATE,SCHOOL,COUNTRY,LAST_AFFILIATION,HEIGHT,WEIGHT,SEASON_EXP,POSITION,ROSTERSTATUS,GAMES_PLAYED_CURRENT_SEASON_FLAG,TEAM_ID,PLAYERCODE,FROM_YEAR,TO_YEAR,DLEAGUE_FLAG,NBA_FLAG,GAMES_PLAYED_FLAG,DRAFT_YEAR,GREATEST_75_FLAG,Quartile,FIRST_2,NEXT_2,Improved
0,Aaron Gordon,PF,19.5,ORL,62.5,1330.0,14.2,0.529,0.238,0.313,7.7,19.55,13.55,8.3,1.4500000000000002,2.3,11.45,16.4,1.75,1.4500000000000002,3.2,0.0995,-0.8500000000000001,0.0,-0.8500000000000001,0.6,2015,203932.0,Aaron,Gordon,Aaron Gordon,"Gordon, Aaron",A. Gordon,aaron-gordon,1995-09-16T00:00:00,Arizona,USA,Arizona/USA,80.0,235.0,9.0,Forward,Active,Y,1610612743.0,aaron_gordon,2014.0,2023.0,N,Y,Y,2014,N,2,3,2,No
1,Aaron Holiday,PG,22.5,IND,58.0,1131.5,11.75,0.5195000000000001,0.439,0.173,1.2,9.7,5.55,19.200000000000003,1.65,1.35,12.55,20.299999999999997,0.25,1.25,1.5,0.064,-1.65,0.05,-1.6,0.15000000000000002,2019,1628988.0,Aaron,Holiday,Aaron Holiday,"Holiday, Aaron",A. Holiday,aaron-holiday,1996-09-30T00:00:00,UCLA,USA,UCLA/USA,72.0,185.0,5.0,Guard,Active,Y,1610612745.0,aaron_holiday,2018.0,2023.0,N,Y,Y,2018,N,3,3,3,No
2,Abdel Nader,SF,24.5,BOS,54.5,608.0,6.95,0.48050000000000004,0.4505,0.21450000000000002,2.4,13.85,8.0,5.449999999999999,1.35,1.55,13.55,16.1,-0.45,0.8500000000000001,0.4,0.024,-4.55,0.25,-4.25,-0.30000000000000004,2018,1627846.0,Abdel,Nader,Abdel Nader,"Nader, Abdel",A. Nader,abdel-nader,1993-09-25T00:00:00,Iowa State,Egypt,Iowa State/Egypt,77.0,225.0,5.0,Forward,Inactive,N,0.0,abdel_nader,2017.0,2021.0,Y,Y,Y,2016,N,3,3,4,Yes
3,Adreian Payne,PF,23.5,TOT,42.0,612.5,6.65,0.4325,0.131,0.194,6.0,19.85,12.9,7.65,1.5,1.4,17.1,17.35,-0.8,0.30000000000000004,-0.5,-0.04,-5.55,-1.1,-6.550000000000001,-0.7,2015,203940.0,Adreian,Payne,Adreian Payne,"Payne, Adreian",A. Payne,adreian-payne,1991-02-19T00:00:00,Michigan State,USA,Michigan State/USA,82.0,237.0,4.0,Forward,Inactive,N,0.0,adreian_payne,2014.0,2017.0,Y,Y,Y,2014,N,1,2,4,Yes
4,Alize Johnson,PF,22.5,IND,15.5,91.0,9.8,0.42100000000000004,0.2005,0.4225,11.05,27.45,19.4,4.85,1.0,2.85,8.65,14.15,0.0,0.15000000000000002,0.15,0.069,-3.75,-0.9,-4.65,-0.05,2019,1628993.0,Alize,Johnson,Alize Johnson,"Johnson, Alize",A. Johnson,alize-johnson,1996-04-22T00:00:00,Missouri State,USA,Missouri State/USA,80.0,212.0,5.0,Forward,Inactive,N,0.0,alize_johnson,2018.0,2022.0,Y,Y,Y,2018,N,1,3,3,No
5,Andrew Wiggins,SF,19.5,MIN,81.5,2907.0,15.2,0.53,0.129,0.4235,4.65,8.5,6.550000000000001,9.95,1.45,1.3,11.149999999999999,24.9,2.75,0.35,3.0999999999999996,0.051500000000000004,0.25,-2.1,-1.85,0.1,2015,203952.0,Andrew,Wiggins,Andrew Wiggins,"Wiggins, Andrew",A. Wiggins,andrew-wiggins,1995-02-23T00:00:00,Kansas,Canada,Kansas/Canada,79.0,197.0,9.0,Forward,Active,Y,1610612744.0,andrew_wiggins,2014.0,2023.0,N,Y,Y,2014,N,1,1,1,No
6,Anfernee Simons,SG,19.5,POR,45.0,795.0,10.05,0.5185,0.441,0.213,2.05,8.25,5.2,11.45,0.6,0.3,11.6,21.5,0.0,0.05,0.15000000000000002,0.0125,-2.05,-2.8,-4.9,-0.5,2019,1629014.0,Anfernee,Simons,Anfernee Simons,"Simons, Anfernee",A. Simons,anfernee-simons,1999-06-08T00:00:00,Edgewater HS (FL),USA,Edgewater HS (FL)/USA,75.0,193.0,5.0,Guard,Active,Y,1610612757.0,anfernee_simons,2018.0,2023.0,Y,Y,Y,2018,N,1,1,1,No
7,Anthony Bennett,PF,20.5,CLE,54.5,778.5,9.15,0.4415,0.1565,0.261,7.3,20.0,13.45,6.35,1.55,1.2,12.75,19.05,-0.6000000000000001,0.55,-0.05000000000000002,-0.0055,-4.25,-1.35,-5.65,-0.65,2014,203461.0,Anthony,Bennett,Anthony Bennett,"Bennett, Anthony",A. Bennett,anthony-bennett,1993-03-14T00:00:00,UNLV,Canada,UNLV/Canada,80.0,235.0,5.0,Forward,Inactive,N,0.0,anthony_bennett,2013.0,2016.0,Y,Y,Y,2013,N,1,1,1,No
8,Archie Goodwin,SG,19.5,PHO,46.5,534.0,10.75,0.4965,0.21,0.371,5.4,11.35,8.399999999999999,9.15,1.7999999999999998,1.4500000000000002,17.75,21.4,-0.25,0.45,0.2,0.016,-2.95,-0.35,-3.3,-0.2,2014,203462.0,Archie,Goodwin,Archie Goodwin,"Goodwin, Archie",A. Goodwin,archie-goodwin,1994-08-17T00:00:00,Kentucky,USA,Kentucky/USA,77.0,205.0,5.0,Guard,Inactive,N,1610612756.0,archie_goodwin,2013.0,2016.0,Y,Y,Y,2013,N,3,3,2,No
9,Ben McLemore,SG,20.5,SAC,82.0,2428.5,9.05,0.5185,0.45399999999999996,0.202,2.05,9.05,5.6,7.1,1.25,0.6499999999999999,12.4,17.049999999999997,0.7999999999999999,0.8500000000000001,1.65,0.0305,-2.1,-1.0,-3.1,-0.65,2014,203463.0,Ben,McLemore,Ben McLemore,"McLemore, Ben",B. McLemore,ben-mclemore,1993-02-11T00:00:00,Kansas,USA,Kansas/USA,75.0,195.0,10.0,Guard,Inactive,N,1610612757.0,ben_mclemore,2013.0,2021.0,Y,Y,Y,2013,N,1,1,2,Yes
10,Bobby Portis,PF,20.5,CHI,63.0,1051.0,14.350000000000001,0.507,0.1875,0.154,10.0,22.0,16.05,6.6,0.9500000000000001,1.2,9.4,19.9,0.7000000000000001,1.25,1.95,0.09,-1.05,-1.35,-2.4,-0.15000000000000002,2016,1626171.0,Bobby,Portis,Bobby Portis,"Portis, Bobby",B. Portis,bobby-portis,1995-02-10T00:00:00,Arkansas,USA,Arkansas/USA,82.0,250.0,8.0,Forward,Active,Y,1610612749.0,bobby_portis,2015.0,2023.0,Y,Y,Y,2015,N,1,1,1,No
11,Bol Bol,PF,20.5,DEN,19.5,123.5,11.9,0.5755,0.3675,0.308,3.2,17.45,10.35,7.9,1.0,6.25,20.200000000000003,21.2,-0.1,0.15000000000000002,0.05,0.0295,-3.05,-0.5,-3.55,-0.05,2020,1629626.0,Bol,Bol,Bol Bol,"Bol, Bol",B. Bol,bol-bol,1999-11-16T00:00:00,Oregon,Sudan,Oregon/Sudan,87.0,220.0,4.0,Center-Forward,Active,Y,1610612756.0,bol_bol,2019.0,2023.0,Y,Y,Y,2019,N,2,2,4,Yes
12,Brandon Ingram,SF,19.5,LAL,69.0,2127.0,11.15,0.505,0.20550000000000002,0.3415,2.95,13.25,8.05,14.1,1.1,1.55,13.65,19.5,0.0,1.25,1.25,0.030500000000000003,-1.95,-0.85,-2.8000000000000003,-0.49999999999999994,2017,1627742.0,Brandon,Ingram,Brandon Ingram,"Ingram, Brandon",B. Ingram,brandon-ingram,1997-09-02T00:00:00,Duke,USA,Duke/USA,80.0,190.0,7.0,Forward,Active,Y,1610612740.0,brandon_ingram,2016.0,2023.0,N,Y,Y,2016,N,1,2,2,No
13,Bruno Caboclo,SF,19.5,TOR,7.0,33.0,-4.75,0.271,0.4165,0.0,3.85,3.8,3.85,1.6,1.2,2.7,25.0,24.2,-0.2,0.0,-0.2,-0.279,-12.75,-5.15,-17.9,-0.15000000000000002,2015,203998.0,Bruno,Caboclo,Bruno Caboclo,"Caboclo, Bruno",B. Caboclo,bruno-caboclo,1995-09-21T00:00:00,Pinheiros,Brazil,Pinheiros/Brazil,81.0,218.0,8.0,Forward,Inactive,N,0.0,bruno_caboclo,2014.0,2020.0,Y,Y,Y,2014,N,1,1,4,Yes
14,Bruno Fernando,C,21.5,ATL,44.5,469.5,9.05,0.5085,0.11549999999999999,0.378,8.95,24.7,16.95,7.85,1.05,1.6,22.0,14.850000000000001,0.05000000000000002,0.35,0.35000000000000003,0.018000000000000002,-4.65,-0.65,-5.3,-0.35,2020,1628981.0,Bruno,Fernando,Bruno Fernando,"Fernando, Bruno",B. Fernando,bruno-fernando,1998-08-15T00:00:00,Maryland,Angola,Maryland/Angola,81.0,240.0,4.0,Forward-Center,Active,Y,1610612737.0,bruno_fernando,2019.0,2023.0,Y,Y,Y,2019,N,2,2,3,Yes
15,Buddy Hield,SG,24.5,TOT,81.0,1956.0,13.950000000000001,0.549,0.4655,0.093,2.5,14.15,8.2,11.55,1.55,0.7,11.25,22.8,0.65,1.4,2.05,0.0495,0.5,-0.95,-0.5,0.75,2017,1627741.0,Buddy,Hield,Buddy Hield,"Hield, Buddy",B. Hield,buddy-hield,1992-12-17T00:00:00,Oklahoma,Bahamas,Oklahoma/Bahamas,76.0,220.0,7.0,Guard,Active,Y,1610612754.0,buddy_hield,2016.0,2023.0,N,Y,Y,2016,N,1,2,1,No
16,Cam Reddish,SF,20.5,ATL,42.0,1150.5,9.15,0.494,0.46499999999999997,0.2695,2.8499999999999996,12.2,7.55,7.25,2.05,1.3,11.899999999999999,19.1,-0.75,0.75,0.0,0.0075,-3.3,-0.45,-3.7,-0.55,2020,1629629.0,Cam,Reddish,Cam Reddish,"Reddish, Cam",C. Reddish,cam-reddish,1999-09-01T00:00:00,Duke,USA,Duke/USA,79.0,217.0,4.0,Forward-Guard,Active,Y,1610612747.0,cameron_reddish,2019.0,2023.0,N,Y,Y,2019,N,1,3,2,No
17,Cameron Johnson,PF,23.5,PHO,58.5,1346.0,12.350000000000001,0.5745,0.683,0.1315,3.45,12.65,8.100000000000001,7.85,1.35,1.2,7.1,16.35,1.45,1.2,2.6500000000000004,0.094,0.4,-0.30000000000000004,0.04999999999999999,0.7,2020,1629661.0,Cameron,Johnson,Cameron Johnson,"Johnson, Cameron",C. Johnson,cameron-johnson,1996-03-03T00:00:00,North Carolina,USA,North Carolina/USA,80.0,210.0,4.0,Forward,Active,Y,1610612751.0,cameron_johnson,2019.0,2023.0,N,Y,Y,2019,N,2,2,3,Yes
18,Cameron Payne,PG,21.5,OKC,44.0,580.0,9.2,0.4485,0.4225,0.0635,1.1,10.95,6.15,20.1,2.05,0.7,13.05,20.6,-0.10000000000000003,0.6000000000000001,0.5499999999999999,0.028999999999999998,-3.25,-0.15000000000000002,-3.4,-0.15,2016,1626166.0,Cameron,Payne,Cameron Payne,"Payne, Cameron",C. Payne,cameron-payne,1994-08-08T00:00:00,Murray State,USA,Murray State/USA,75.0,183.0,8.0,Guard,Active,Y,1610612749.0,cameron_payne,2015.0,2023.0,Y,Y,Y,2015,N,3,3,2,No
19,Caris LeVert,SF,22.5,BRK,64.0,1550.5,13.25,0.5405,0.4085,0.2495,2.5,12.9,7.7,19.85,2.0,0.7,14.05,19.55,0.75,1.3,2.05,0.064,-1.05,0.15,-0.9500000000000001,0.44999999999999996,2017,1627747.0,Caris,LeVert,Caris LeVert,"LeVert, Caris",C. LeVert,caris-levert,1994-08-25T00:00:00,Michigan,USA,Michigan/USA,78.0,205.0,7.0,Guard,Active,Y,1610612739.0,caris_levert,2016.0,2023.0,N,Y,Y,2016,N,3,3,3,No
20,Cedi Osman,SF,22.5,CLE,68.5,1558.0,11.25,0.5565,0.4555,0.23049999999999998,2.6,15.700000000000001,9.05,10.399999999999999,1.4,0.4,12.2,17.15,0.85,0.30000000000000004,1.2,0.0465,-1.75,-1.25,-3.05,-0.45,2018,1626224.0,Cedi,Osman,Cedi Osman,"Osman, Cedi",C. Osman,cedi-osman,1995-04-08T00:00:00,Anadolu Efes,Turkey,Anadolu Efes/Turkey,79.0,230.0,6.0,Forward,Active,Y,1610612759.0,cedi_osman,2017.0,2023.0,Y,Y,Y,2015,N,2,2,2,No
21,Chandler Hutchison,SF,22.5,CHI,36.0,711.0,10.600000000000001,0.514,0.22799999999999998,0.314,3.6500000000000004,19.35,11.25,6.35,1.85,0.95,10.7,15.65,0.0,0.6499999999999999,0.6499999999999999,0.045,-3.05,-0.2,-3.25,-0.25,2019,1628990.0,Chandler,Hutchison,Chandler Hutchison,"Hutchison, Chandler",C. Hutchison,chandler-hutchison,1996-04-26T00:00:00,Boise State,USA,Boise State/USA,78.0,210.0,4.0,Forward-Guard,Inactive,N,0.0,chandler_hutchison,2018.0,2021.0,Y,Y,Y,2018,N,2,3,3,No
22,Chasson Randle,PG,24.0,TOT,37.5,521.0,11.75,0.5705,0.505,0.3625,1.8,8.1,4.949999999999999,17.15,1.55,0.4,14.5,18.049999999999997,0.45,0.15000000000000002,0.6499999999999999,0.0735,-1.9000000000000001,-0.95,-2.85,-0.2,2017,1626184.0,Chasson,Randle,Chasson Randle,"Randle, Chasson",C. Randle,chasson-randle,1993-02-05T00:00:00,Stanford,USA,Stanford/USA,74.0,185.0,5.0,Guard,Inactive,N,1610612753.0,chasson_randle,2016.0,2020.0,Y,Y,Y,2015,N,2,2,3,Yes
23,Cheick Diallo,PF,20.5,NOP,34.5,390.0,16.9,0.5645,0.0,0.3255,10.6,28.15,19.549999999999997,3.95,0.95,2.9,9.8,18.95,0.65,0.55,1.2,0.134,-1.55,-0.8999999999999999,-2.45,0.0,2017,1627767.0,Cheick,Diallo,Cheick Diallo,"Diallo, Cheick",C. Diallo,cheick-diallo,1996-09-13T00:00:00,Kansas,Mali,Kansas/Mali,80.0,219.0,6.0,Forward-Center,Inactive,Y,0.0,cheick_diallo,2016.0,2021.0,Y,Y,Y,2016,N,1,3,3,No
24,Chimezie Metu,PF,21.5,SAS,23.5,125.0,14.3,0.4985,0.041,0.3015,9.55,20.85,15.2,13.45,1.7,3.1,17.950000000000003,24.049999999999997,-0.15,0.15000000000000002,0.0,0.0155,-2.8,-0.75,-3.4999999999999996,-0.05,2019,1629002.0,Chimezie,Metu,Chimezie Metu,"Metu, Chimezie",C. Metu,chimezie-metu,1997-03-22T00:00:00,Southern California,USA,Southern California/USA,82.0,225.0,5.0,Forward-Center,Active,Y,1610612756.0,chimezie_metu,2018.0,2023.0,Y,Y,Y,2018,N,1,3,3,No
25,Clint Capela,C,20.5,HOU,44.5,780.5,15.2,0.481,0.0015,0.662,13.350000000000001,27.25,20.3,4.35,1.3,6.5,11.100000000000001,18.700000000000003,1.0999999999999999,1.1,2.2,0.08149999999999999,-2.8,-0.05,-2.9000000000000004,0.25,2015,203991.0,Clint,Capela,Clint Capela,"Capela, Clint",C. Capela,clint-capela,1994-05-18T00:00:00,Elan Chalon,Switzerland,Elan Chalon/Switzerland,82.0,256.0,9.0,Center,Active,Y,1610612737.0,clint_capela,2014.0,2023.0,Y,Y,Y,2014,N,3,3,4,Yes
26,Coby White,PG,19.5,CHI,67.0,1915.0,11.95,0.523,0.489,0.16,1.65,13.5,7.449999999999999,19.15,1.15,0.44999999999999996,12.65,23.45,0.09999999999999998,1.5499999999999998,1.65,0.039,-1.25,-1.4,-2.65,-0.30000000000000004,2020,1629632.0,Coby,White,Coby White,"White, Coby",C. White,coby-white,2000-02-16T00:00:00,North Carolina,USA,North Carolina/USA,77.0,195.0,4.0,Guard,Active,Y,1610612741.0,coby_white,2019.0,2023.0,N,Y,Y,2019,N,1,1,3,Yes
27,Collin Sexton,PG,20.5,CLE,73.5,2374.0,14.15,0.54,0.24,0.22849999999999998,2.7,7.75,5.15,15.2,1.15,0.25,11.95,26.2,1.0,-0.04999999999999999,0.95,0.023,-0.5499999999999999,-2.7,-3.25,-0.85,2019,1629012.0,Collin,Sexton,Collin Sexton,"Sexton, Collin",C. Sexton,collin-sexton,1999-01-04T00:00:00,Alabama,USA,Alabama/USA,75.0,190.0,5.0,Guard,Active,Y,1610612762.0,collin_sexton,2018.0,2023.0,N,Y,Y,2018,N,1,1,2,Yes
28,D'Angelo Russell,PG,19.5,LAL,71.5,2035.0,14.25,0.5125,0.41500000000000004,0.20800000000000002,2.0,11.55,6.6,24.0,2.2,0.6,15.75,25.35,-0.19999999999999998,0.85,0.65,0.017,0.0,-1.55,-1.5499999999999998,0.25,2016,1626156.0,D'Angelo,Russell,D'Angelo Russell,"Russell, D'Angelo",D. Russell,dangelo-russell,1996-02-23T00:00:00,Ohio State,USA,Ohio State/USA,75.0,193.0,8.0,Guard,Active,Y,1610612747.0,d'angelo_russell,2015.0,2023.0,N,Y,Y,2015,N,1,1,2,Yes
29,D.J. Wilson,PF,21.5,MIL,35.0,476.5,10.3,0.5685,0.4095,0.156,4.4,16.2,10.55,6.85,1.5,1.5499999999999998,14.85,13.850000000000001,0.15,0.75,0.9,0.0735,-2.2,0.1,-2.1,0.0,2018,1628391.0,D.J.,Wilson,D.J. Wilson,"Wilson, D.J.",D. Wilson,dj-wilson,1996-02-19T00:00:00,Michigan,USA,Michigan/USA,82.0,231.0,6.0,Forward,Inactive,Y,0.0,d.j._wilson,2017.0,2021.0,Y,Y,Y,2017,N,3,3,3,No
30,Damian Jones,C,21.5,GSW,12.5,87.0,6.05,0.49150000000000005,0.0,0.426,9.6,13.8,11.8,1.45,0.55,3.2,18.45,13.65,-0.05,0.1,0.05,0.0245,-6.5,-1.85,-8.399999999999999,-0.15000000000000002,2017,1627745.0,Damian,Jones,Damian Jones,"Jones, Damian",D. Jones,damian-jones,1995-06-30T00:00:00,Vanderbilt,USA,Vanderbilt/USA,82.0,245.0,7.0,Center,Active,Y,1610612739.0,damian_jones,2016.0,2023.0,Y,Y,Y,2016,N,1,1,4,Yes
31,Damyean Dotson,SG,23.5,NYK,58.5,1239.0,11.2,0.529,0.45599999999999996,0.14150000000000001,1.9,14.85,8.3,9.95,1.35,0.4,8.85,17.3,0.5,0.6,1.05,0.0485,-1.65,-0.7,-2.45,-0.15,2018,1628422.0,Damyean,Dotson,Damyean Dotson,"Dotson, Damyean",D. Dotson,damyean-dotson,1994-05-06T00:00:00,Houston,USA,Houston/USA,77.0,210.0,5.0,Guard,Inactive,N,0.0,damyean_dotson,2017.0,2021.0,Y,Y,Y,2017,N,2,2,2,No
32,Dante Exum,PG,20.0,UTA,74.0,1522.5,7.1,0.489,0.5225,0.139,2.3,7.95,5.2,15.350000000000001,1.05,0.7,19.15,15.950000000000001,-0.6000000000000001,1.15,0.5499999999999999,0.0215,-3.4000000000000004,-0.39999999999999997,-3.8,-0.75,2015,203957.0,Dante,Exum,Dante Exum,"Exum, Dante",D. Exum,dante-exum,1995-07-13T00:00:00,Australian Institute of Sport,Australia,Australian Institute of Sport/Australia,77.0,214.0,6.0,Guard,Active,Y,1610612742.0,dante_exum,2014.0,2023.0,N,Y,Y,2014,N,2,2,3,Yes
33,Darius Bazley,PF,19.5,OKC,58.0,1422.0,9.649999999999999,0.494,0.4295,0.227,3.05,20.85,12.0,7.0,0.9,2.2,12.649999999999999,18.6,-1.4,1.45,0.04999999999999999,0.0075000000000000015,-2.6,-0.4,-3.0,-0.45,2020,1629647.0,Darius,Bazley,Darius Bazley,"Bazley, Darius",D. Bazley,darius-bazley,2000-06-12T00:00:00,Princeton HS (OH),USA,Princeton HS (OH)/USA,81.0,216.0,5.0,Forward,Inactive,Y,1610612756.0,darius_bazley,2019.0,2022.0,Y,Y,Y,2019,N,3,3,4,Yes
34,Darius Garland,SG,20.5,CLE,56.5,1807.0,11.35,0.5225,0.3775,0.134,1.5,6.0,3.7,24.7,1.4500000000000002,0.25,16.55,22.799999999999997,-0.5,0.45,-0.050000000000000044,-0.0005000000000000004,-1.35,-2.45,-3.8,-0.9,2020,1629636.0,Darius,Garland,Darius Garland,"Garland, Darius",D. Garland,darius-garland,2000-01-26T00:00:00,Vanderbilt,USA,Vanderbilt/USA,73.0,192.0,4.0,Guard,Active,Y,1610612739.0,darius_garland,2019.0,2023.0,N,Y,Y,2019,N,1,1,2,Yes
35,Davon Reed,SG,22.5,PHO,15.5,144.5,6.449999999999999,0.444,0.4165,0.079,2.85,12.9,7.85,8.05,1.5,0.35,9.35,14.05,-0.25,0.1,-0.09999999999999999,0.0020000000000000018,-4.55,-1.4000000000000001,-5.95,-0.15,2018,1628432.0,Davon,Reed,Davon Reed,"Reed, Davon",D. Reed,davon-reed,1995-06-11T00:00:00,Miami,USA,Miami/USA,77.0,206.0,4.0,Guard,Inactive,N,0.0,davon_reed,2017.0,2022.0,Y,Y,Y,2017,N,2,2,3,Yes
36,De'Aaron Fox,PG,20.5,SAC,77.0,2286.0,14.65,0.511,0.2015,0.3115,1.75,10.4,5.95,28.900000000000002,2.05,1.2,15.7,23.95,0.7500000000000001,1.8,2.5,0.046,-0.7000000000000001,-0.65,-1.35,0.5999999999999999,2018,1628368.0,De'Aaron,Fox,De'Aaron Fox,"Fox, De'Aaron",D. Fox,deaaron-fox,1997-12-20T00:00:00,Kentucky,USA,Kentucky/USA,75.0,185.0,6.0,Guard,Active,Y,1610612758.0,de'aaron_fox,2017.0,2023.0,N,Y,Y,2017,N,1,3,2,No
37,De'Andre Hunter,SF,22.5,ATL,43.0,1348.0,12.149999999999999,0.562,0.41400000000000003,0.277,2.55,13.899999999999999,8.25,8.85,1.2,1.15,10.649999999999999,18.85,0.39999999999999997,0.55,0.9,0.0625,-1.15,-0.6000000000000001,-1.75,-0.44999999999999996,2020,1629631.0,De'Andre,Hunter,De'Andre Hunter,"Hunter, De'Andre",D. Hunter,deandre-hunter,1997-12-02T00:00:00,Virginia,USA,Virginia/USA,80.0,221.0,4.0,Forward-Guard,Active,Y,1610612737.0,deandre_hunter,2019.0,2023.0,N,Y,Y,2019,N,1,3,1,No
38,DeAndre' Bembry,SF,22.5,ATL,32.0,413.0,8.2,0.479,0.20900000000000002,0.21050000000000002,3.1,14.399999999999999,8.75,13.7,1.7,1.75,19.0,16.2,-0.5,0.45,-0.05000000000000002,-0.0010000000000000009,-4.35,0.2,-4.1,-0.2,2017,1627761.0,DeAndre',Bembry,DeAndre' Bembry,"Bembry, DeAndre'",D. Bembry,deandre-bembry,1994-07-04T00:00:00,St. Joseph's (PA),USA,St. Joseph's (PA)/USA,77.0,210.0,6.0,Guard-Forward,Inactive,N,0.0,deandre'_bembry,2016.0,2021.0,Y,Y,Y,2016,N,3,3,4,Yes
39,Deandre Ayton,C,20.5,PHO,54.5,1709.5,20.25,0.588,0.014,0.187,12.05,26.200000000000003,19.05,9.649999999999999,1.15,3.3499999999999996,11.649999999999999,22.45,2.8,1.65,4.45,0.1245,1.05,-0.75,0.30000000000000004,0.95,2019,1629028.0,Deandre,Ayton,Deandre Ayton,"Ayton, Deandre",D. Ayton,deandre-ayton,1998-07-23T00:00:00,Arizona,Bahamas,Arizona/Bahamas,84.0,247.0,5.0,Center,Active,Y,1610612757.0,deandre_ayton,2018.0,2023.0,N,Y,Y,2018,N,1,2,3,Yes
40,Dennis Smith Jr.,PG,20.5,DAL,61.0,1778.5,12.55,0.4875,0.3255,0.214,2.4000000000000004,10.25,6.25,28.4,1.9,0.9500000000000001,16.25,26.85,-1.7999999999999998,1.45,-0.35,-0.008,-1.4,-0.8,-2.15,-0.1,2018,1628372.0,Dennis,Smith Jr.,Dennis Smith Jr.,"Smith Jr., Dennis",D. Smith Jr.,dennis-smith-jr,1997-11-25T00:00:00,North Carolina State,USA,North Carolina State/USA,75.0,205.0,6.0,Guard,Active,Y,1610612751.0,dennis_smith_jr,2017.0,2023.0,N,Y,Y,2017,N,1,2,4,Yes
41,Denzel Valentine,SG,23.5,CHI,67.0,1535.5,9.7,0.5095000000000001,0.6174999999999999,0.067,1.7999999999999998,16.95,9.2,13.55,1.5,0.55,13.0,16.45,0.25,1.3,1.55,0.044,-2.25,0.05,-2.15,0.1,2017,1627756.0,Denzel,Valentine,Denzel Valentine,"Valentine, Denzel",D. Valentine,denzel-valentine,1993-11-16T00:00:00,Michigan State,USA,Michigan State/USA,76.0,220.0,6.0,Guard,Inactive,N,0.0,denzel_valentine,2016.0,2021.0,Y,Y,Y,2016,N,3,3,3,No
42,Devin Booker,SG,19.5,PHO,77.0,2419.0,13.25,0.533,0.308,0.3015,1.6,8.350000000000001,4.9,16.05,1.15,0.7,13.45,25.8,1.25,0.6499999999999999,1.95,0.039,-0.44999999999999996,-2.0,-2.3499999999999996,-0.2,2016,1626164.0,Devin,Booker,Devin Booker,"Booker, Devin",D. Booker,devin-booker,1996-10-30T00:00:00,Kentucky,USA,Kentucky/USA,78.0,206.0,8.0,Guard,Active,Y,1610612756.0,devin_booker,2015.0,2023.0,N,Y,Y,2015,N,1,1,1,No
43,Devonte' Graham,PG,23.5,CHO,54.5,1443.5,13.05,0.498,0.5835,0.22749999999999998,1.8,8.649999999999999,5.1,30.049999999999997,1.5499999999999998,0.44999999999999996,12.9,20.9,1.3,0.6,1.95,0.054,-0.050000000000000044,-1.7000000000000002,-1.75,0.5499999999999999,2019,1628984.0,Devonte',Graham,Devonte' Graham,"Graham, Devonte'",D. Graham,devonte-graham,1995-02-22T00:00:00,Kansas,USA,Kansas/USA,73.0,195.0,5.0,Guard,Active,Y,1610612759.0,devonte_graham,2018.0,2023.0,Y,Y,Y,2018,N,1,1,1,No
44,Dillon Brooks,SF,22.5,MEM,50.0,1340.0,8.7,0.515,0.335,0.23049999999999998,2.7,9.05,5.8,8.45,1.55,0.9,12.55,19.7,-0.09999999999999999,0.7000000000000001,0.6,0.01,-3.95,-1.15,-5.15,-0.8,2018,1628415.0,Dillon,Brooks,Dillon Brooks,"Brooks, Dillon",D. Brooks,dillon-brooks,1996-01-22T00:00:00,Oregon,Canada,Oregon/Canada,78.0,225.0,6.0,Guard-Forward,Active,Y,1610612745.0,dillon_brooks,2017.0,2023.0,N,Y,Y,2017,N,1,1,1,No
45,Domantas Sabonis,PF,20.5,OKC,77.5,1721.0,12.2,0.518,0.1935,0.23900000000000002,6.75,20.799999999999997,13.8,9.95,1.15,1.6,14.65,18.75,0.75,2.0,2.75,0.074,-2.55,-0.3,-2.8,-0.3,2017,1627734.0,Domantas,Sabonis,Domantas Sabonis,"Sabonis, Domantas",D. Sabonis,domantas-sabonis,1996-05-03T00:00:00,Gonzaga,Lithuania,Gonzaga/Lithuania,82.0,240.0,7.0,Forward-Center,Active,Y,1610612758.0,domantas_sabonis,2016.0,2023.0,N,Y,Y,2016,N,2,2,4,Yes
46,Donovan Mitchell,SG,21.5,UTA,78.0,2618.0,16.95,0.539,0.37150000000000005,0.2385,2.4,10.45,6.5,20.299999999999997,2.1,0.9,11.95,30.35,1.35,3.75,5.1,0.0935,1.05,0.2,1.25,2.2,2018,1628378.0,Donovan,Mitchell,Donovan Mitchell,"Mitchell, Donovan",D. Mitchell,donovan-mitchell,1996-09-07T00:00:00,Louisville,USA,Louisville/USA,75.0,215.0,6.0,Guard,Active,Y,1610612739.0,donovan_mitchell,2017.0,2023.0,N,Y,Y,2017,N,3,3,2,No
47,Doug McDermott,SF,23.5,CHI,58.5,1091.0,8.5,0.5205,0.3925,0.135,2.1,10.5,6.4,4.0,0.5,0.2,10.1,17.8,0.9,0.44999999999999996,1.4,0.033999999999999996,-2.55,-1.9,-4.45,-0.35,2015,203926.0,Doug,McDermott,Doug McDermott,"McDermott, Doug",D. McDermott,doug-mcdermott,1992-01-03T00:00:00,Creighton,USA,Creighton/USA,78.0,225.0,9.0,Forward,Active,Y,1610612759.0,doug_mcdermott,2014.0,2023.0,N,Y,Y,2014,N,1,1,1,No
48,Dragan Bender,PF,19.5,PHO,62.5,1321.5,6.199999999999999,0.482,0.646,0.0865,3.1,16.2,9.5,7.2,0.65,2.6,17.15,13.55,-0.7,0.55,-0.09999999999999999,-0.014,-3.5999999999999996,-0.75,-4.4,-0.65,2017,1627733.0,Dragan,Bender,Dragan Bender,"Bender, Dragan",D. Bender,dragan-bender,1997-11-17T00:00:00,Maccabi Tel Aviv,Croatia,Maccabi Tel Aviv/Croatia,84.0,249.0,4.0,Forward,Inactive,N,0.0,dragan_bender,2016.0,2019.0,Y,Y,Y,2016,N,2,2,3,Yes
49,Dwayne Bacon,SG,22.5,CHO,48.0,736.0,8.75,0.5005,0.28150000000000003,0.1545,0.8500000000000001,15.1,7.85,8.35,0.9500000000000001,0.4,8.149999999999999,15.25,0.10000000000000003,0.44999999999999996,0.5499999999999999,0.032999999999999995,-3.45,-0.75,-4.2,-0.4,2018,1628407.0,Dwayne,Bacon,Dwayne Bacon,"Bacon, Dwayne",D. Bacon,dwayne-bacon,1995-08-30T00:00:00,Florida State,USA,Florida State/USA,78.0,221.0,5.0,Guard-Forward,Inactive,N,1610612753.0,dwayne_bacon,2017.0,2020.0,Y,Y,Y,2017,N,3,3,2,No
50,Elfrid Payton,PG,20.5,ORL,77.5,2317.0,13.850000000000001,0.46699999999999997,0.0925,0.281,4.35,10.399999999999999,7.300000000000001,32.7,2.5,0.75,19.049999999999997,19.35,0.25,2.0,2.25,0.047,-1.1,-0.15,-1.2,0.45,2015,203901.0,Elfrid,Payton,Elfrid Payton,"Payton, Elfrid",E. Payton,elfrid-payton,1994-02-22T00:00:00,Louisana-Lafayette,USA,Louisana-Lafayette/USA,75.0,195.0,9.0,Guard,Inactive,N,1610612756.0,elfrid_payton,2014.0,2021.0,Y,Y,Y,2014,N,3,3,3,No
51,Emmanuel Mudiay,PG,19.5,DEN,61.5,1737.0,10.4,0.45999999999999996,0.2895,0.267,2.0,11.25,6.6,25.4,1.5,1.0499999999999998,17.2,24.15,-1.8499999999999999,0.85,-0.9500000000000001,-0.021500000000000002,-1.95,-1.75,-3.7,-0.8,2016,1626144.0,Emmanuel,Mudiay,Emmanuel Mudiay,"Mudiay, Emmanuel",E. Mudiay,emmanuel-mudiay,1996-03-05T00:00:00,Guangdong,Democratic Republic of the Congo,Guangdong/Democratic Republic of the Congo,75.0,200.0,7.0,Guard,Inactive,N,0.0,emmanuel_mudiay,2015.0,2021.0,Y,Y,Y,2015,N,1,1,1,No
52,Frank Jackson,PG,20.5,NOP,60.0,983.0,9.25,0.5135000000000001,0.4065,0.195,2.55,8.8,5.7,9.4,1.0,0.25,10.5,19.85,-0.05,0.35,0.30000000000000004,0.013999999999999999,-3.0999999999999996,-1.9500000000000002,-5.05,-0.75,2019,1628402.0,Frank,Jackson,Frank Jackson,"Jackson, Frank",F. Jackson,frank-jackson,1998-05-04T00:00:00,Duke,USA,Duke/USA,75.0,205.0,5.0,Guard,Inactive,N,0.0,frank_jackson,2017.0,2022.0,Y,Y,Y,2017,N,1,1,1,No
53,Frank Kaminsky,C,22.5,CHO,78.0,1831.0,12.75,0.5075000000000001,0.41300000000000003,0.2385,3.8000000000000003,16.5,10.1,11.25,1.15,1.75,8.45,19.450000000000003,0.8,2.0,2.8,0.0745,-0.75,-0.19999999999999998,-1.0,0.45,2016,1626163.0,Frank,Kaminsky,Frank Kaminsky,"Kaminsky, Frank",F. Kaminsky,frank-kaminsky,1993-04-04T00:00:00,Wisconsin,USA,Wisconsin/USA,84.0,240.0,9.0,Forward-Center,Inactive,N,1610612745.0,frank_kaminsky,2015.0,2022.0,N,Y,Y,2015,N,3,3,2,No
54,Frank Mason III,PG,23.5,SAC,45.0,709.5,12.7,0.491,0.3025,0.32,2.3499999999999996,10.55,6.3,24.5,1.7,0.9,14.35,22.200000000000003,0.0,0.44999999999999996,0.4,0.03,-1.6,-1.15,-2.7,-0.1,2018,1628412.0,Frank,Mason III,Frank Mason III,"Mason III, Frank",F. Mason III,frank-mason-iii,1994-04-03T00:00:00,Kansas,USA,Kansas/USA,71.0,190.0,5.0,Guard,Inactive,N,0.0,frank_mason,2017.0,2020.0,Y,Y,Y,2017,N,1,1,3,Yes
55,Frank Ntilikina,PG,19.5,NYK,60.5,1305.0,6.5,0.427,0.361,0.121,1.9,9.0,5.4,19.75,1.75,1.1,17.85,16.75,-1.65,0.75,-0.8500000000000001,-0.0355,-4.85,-0.65,-5.5,-1.1,2018,1628373.0,Frank,Ntilikina,Frank Ntilikina,"Ntilikina, Frank",F. Ntilikina,frank-ntilikina,1998-07-28T00:00:00,Strasbourg IG,France,Strasbourg IG/France,76.0,200.0,6.0,Guard,Active,Y,1610612766.0,frank_ntilikina,2017.0,2023.0,N,Y,Y,2017,N,2,2,4,Yes
56,Furkan Korkmaz,SG,20.5,PHI,31.0,379.5,7.45,0.457,0.5974999999999999,0.16149999999999998,2.7,12.75,7.8500000000000005,8.7,1.6,0.6,7.449999999999999,17.4,0.15000000000000002,0.39999999999999997,0.55,0.0365,-4.1,-0.6,-4.7,-0.05,2018,1627788.0,Furkan,Korkmaz,Furkan Korkmaz,"Korkmaz, Furkan",F. Korkmaz,furkan-korkmaz,1997-07-24T00:00:00,Anadolu Efes,Turkey,Anadolu Efes/Turkey,79.0,202.0,6.0,Guard-Forward,Active,Y,1610612755.0,furkan_korkmaz,2017.0,2023.0,Y,Y,Y,2016,N,1,2,3,Yes
57,Gary Harris,SG,20.5,DEN,65.5,1579.0,8.8,0.4805,0.4315,0.1955,2.7,7.2,4.9,7.7,2.35,0.7,12.2,16.55,0.7999999999999999,0.85,1.65,0.0165,-3.0999999999999996,0.04999999999999999,-3.1,0.04999999999999999,2015,203914.0,Gary,Harris,Gary Harris,"Harris, Gary",G. Harris,gary-harris,1994-09-14T00:00:00,Michigan State,USA,Michigan State/USA,76.0,210.0,9.0,Guard,Active,Y,1610612753.0,gary_harris,2014.0,2023.0,N,Y,Y,2014,N,3,3,2,No
58,Gary Trent Jr.,SG,20.5,POR,38.0,721.5,8.25,0.482,0.514,0.121,1.5,7.6,4.6,6.25,1.05,1.2,5.7,18.5,0.9500000000000001,0.2,1.15,-0.0015000000000000013,-3.05,-2.5,-5.550000000000001,0.19999999999999998,2019,1629018.0,Gary,Trent Jr.,Gary Trent Jr.,"Trent Jr., Gary",G. Trent Jr.,gary-trent-jr,1999-01-18T00:00:00,Duke,USA,Duke/USA,77.0,204.0,5.0,Guard,Active,Y,1610612761.0,gary_trent_jr,2018.0,2023.0,Y,Y,Y,2018,N,1,2,3,Yes
59,Glenn Robinson III,SG-SF,21.5,TOT,40.0,384.5,9.95,0.4895,0.26449999999999996,0.308,4.35,11.3,7.800000000000001,7.35,1.45,0.85,11.05,15.5,0.1,0.35,0.45,0.045,-2.3,-0.8999999999999999,-3.25,-0.05,2015,203922.0,Glenn,Robinson III,Glenn Robinson III,"Robinson III, Glenn",G. Robinson III,glenn-robinson-iii,1994-01-08T00:00:00,Michigan,USA,Michigan/USA,78.0,222.0,8.0,Forward,Inactive,N,0.0,glenn_robinson iii,2014.0,2020.0,Y,Y,Y,2014,N,1,3,3,No
60,Grayson Allen,SG,23.5,UTA,38.0,567.0,9.75,0.5625,0.559,0.258,1.0,8.1,4.6,9.45,0.7,0.65,12.4,21.0,0.2,0.4,0.6,0.042,-2.15,-1.65,-3.8,-0.2,2019,1628960.0,Grayson,Allen,Grayson Allen,"Allen, Grayson",G. Allen,grayson-allen,1995-10-08T00:00:00,Duke,USA,Duke/USA,76.0,198.0,5.0,Guard,Active,Y,1610612756.0,grayson_allen,2018.0,2023.0,Y,Y,Y,2018,N,1,1,3,Yes
61,Hamidou Diallo,SG,20.5,OKC,48.5,711.0,9.7,0.494,0.16899999999999998,0.2855,6.4,13.35,9.9,5.15,1.95,1.25,12.149999999999999,17.5,-0.3,0.9,0.6000000000000001,0.0455,-4.300000000000001,0.25,-4.05,-0.35,2019,1628977.0,Hamidou,Diallo,Hamidou Diallo,"Diallo, Hamidou",H. Diallo,hamidou-diallo,1998-07-31T00:00:00,Kentucky,USA,Kentucky/USA,77.0,202.0,5.0,Guard,Active,Y,1610612764.0,hamidou_diallo,2018.0,2023.0,Y,Y,Y,2018,N,3,3,3,No
62,Henry Ellenson,PF,20.5,DET,28.5,237.5,9.0,0.45999999999999996,0.479,0.162,4.55,24.950000000000003,14.45,8.3,0.55,0.3,13.7,24.25,-0.30000000000000004,0.30000000000000004,-0.05,-0.025499999999999995,-3.3499999999999996,-1.85,-5.15,-0.15000000000000002,2017,1627740.0,Henry,Ellenson,Henry Ellenson,"Ellenson, Henry",H. Ellenson,henry-ellenson,1997-01-13T00:00:00,Marquette,USA,Marquette/USA,82.0,240.0,5.0,Forward-Center,Inactive,N,0.0,henry_ellenson,2016.0,2020.0,Y,Y,Y,2016,N,1,1,2,Yes
63,Isaiah Canaan,PG,22.5,HOU,34.5,595.0,10.95,0.52,0.6415,0.246,2.7,7.7,5.199999999999999,15.95,1.55,0.75,15.35,21.3,0.4,0.44999999999999996,0.7999999999999999,0.0515,-1.2,-1.2,-2.4,0.09999999999999999,2014,203477.0,Isaiah,Canaan,Isaiah Canaan,"Canaan, Isaiah",I. Canaan,isaiah-canaan,1991-05-21T00:00:00,Murray State,USA,Murray State/USA,72.0,200.0,6.0,Guard,Inactive,N,0.0,isaiah_canaan,2013.0,2018.0,Y,Y,Y,2013,N,1,1,3,Yes
64,Isaiah Roby,PF,21.5,OKC,32.0,718.0,2.1,0.2775,0.127,0.1365,3.2,19.05,11.2,5.7,0.85,1.15,34.5,12.85,-0.2,0.75,0.65,-0.07250000000000001,-7.85,-1.5,-9.35,-0.25,2020,1629676.0,Isaiah,Roby,Isaiah Roby,"Roby, Isaiah",I. Roby,isaiah-roby,1998-02-03T00:00:00,Nebraska,USA,Nebraska/USA,80.0,230.0,5.0,Forward,Inactive,Y,1610612752.0,roby_isaiah,2019.0,2022.0,Y,Y,Y,2019,N,1,3,3,No
65,Ivica Zubac,C,19.5,LAL,40.5,509.5,16.15,0.552,0.010499999999999999,0.312,9.45,21.0,15.15,8.45,1.0,3.7,12.850000000000001,18.950000000000003,0.55,0.5,1.05,0.102,-1.5,-0.44999999999999996,-1.85,0.0,2017,1627826.0,Ivica,Zubac,Ivica Zubac,"Zubac, Ivica",I. Zubac,ivica-zubac,1997-03-18T00:00:00,Mega Basket,Croatia,Mega Basket/Croatia,84.0,240.0,7.0,Center,Active,Y,1610612746.0,ivica_zubac,2016.0,2023.0,Y,Y,Y,2016,N,2,2,4,Yes
66,Ja Morant,PG,20.5,MEM,65.0,2063.5,17.049999999999997,0.5465,0.2215,0.359,2.8,10.25,6.55,34.35,1.3,0.7,16.15,26.549999999999997,1.95,1.55,3.5,0.08099999999999999,1.35,-1.4,-0.05000000000000002,1.0,2020,1629630.0,Ja,Morant,Ja Morant,"Morant, Ja",J. Morant,ja-morant,1999-08-10T00:00:00,Murray State,USA,Murray State/USA,74.0,174.0,4.0,Guard,Active,Y,1610612763.0,ja_morant,2019.0,2023.0,N,Y,Y,2019,N,1,1,3,Yes
67,Jabari Parker,PF,19.5,MIL,50.5,1573.0,14.65,0.531,0.05,0.2525,6.85,13.15,10.05,9.2,1.8,0.8,12.15,20.799999999999997,1.4,1.1,2.45,0.07999999999999999,-0.25,-1.0,-1.25,0.15,2015,203953.0,Jabari,Parker,Jabari Parker,"Parker, Jabari",J. Parker,jabari-parker,1995-03-15T00:00:00,Duke,USA,Duke/USA,79.0,245.0,8.0,Forward,Inactive,N,0.0,jabari_parker,2014.0,2021.0,N,Y,Y,2014,N,2,2,1,No
68,Jahlil Okafor,C,20.5,PHI,51.5,1362.5,15.950000000000001,0.541,0.004,0.2915,7.949999999999999,16.65,12.25,8.6,0.8,3.15,13.45,25.700000000000003,0.2,1.0,1.2,0.0435,-1.2,-1.2,-2.4,-0.1,2016,1626143.0,Jahlil,Okafor,Jahlil Okafor,"Okafor, Jahlil",J. Okafor,jahlil-okafor,1995-12-15T00:00:00,Duke,USA,Duke/USA,82.0,270.0,7.0,Center-Forward,Inactive,N,1610612755.0,jahlil_okafor,2015.0,2020.0,Y,Y,Y,2015,N,1,2,3,Yes
69,Jake Layman,SF,22.5,POR,35.0,204.5,4.9,0.378,0.49949999999999994,0.1275,2.75,8.05,5.4,7.800000000000001,1.85,1.5,9.8,16.8,-0.35,0.15000000000000002,-0.2,-0.0375,-5.0,-0.39999999999999997,-5.35,-0.2,2017,1627774.0,Jake,Layman,Jake Layman,"Layman, Jake",J. Layman,jake-layman,1994-03-07T00:00:00,Maryland,USA,Maryland/USA,80.0,209.0,7.0,Forward,Inactive,N,1610612750.0,jake_layman,2016.0,2021.0,Y,Y,Y,2016,N,1,3,2,No
70,Jalen Brunson,PG,22.5,DAL,65.0,1306.5,13.850000000000001,0.551,0.3145,0.2025,2.0,10.45,6.300000000000001,24.8,1.05,0.25,13.05,19.75,1.55,0.8,2.35,0.089,-0.5499999999999999,-0.75,-1.3,0.2,2019,1628973.0,Jalen,Brunson,Jalen Brunson,"Brunson, Jalen",J. Brunson,jalen-brunson,1996-08-31T00:00:00,Villanova,USA,Villanova/USA,74.0,190.0,5.0,Guard,Active,Y,1610612752.0,jalen_brunson,2018.0,2023.0,N,Y,Y,2018,N,2,2,3,Yes
71,Jalen McDaniels,SF,22.5,CHO,31.5,598.5,11.05,0.5640000000000001,0.35650000000000004,0.23399999999999999,5.35,17.25,11.1,7.699999999999999,1.45,1.5,12.5,15.15,0.25,0.55,0.85,0.07,-3.0999999999999996,-0.15000000000000002,-3.25,-0.2,2020,1629667.0,Jalen,McDaniels,Jalen McDaniels,"McDaniels, Jalen",J. McDaniels,jalen-mcdaniels,1998-01-31T00:00:00,San Diego State,USA,San Diego State/USA,81.0,190.0,4.0,Forward,Active,Y,1610612761.0,jalen_mcdaniels,2019.0,2023.0,Y,Y,Y,2019,N,3,3,3,No
72,Jamal Murray,SG,19.5,DEN,81.5,2164.5,14.0,0.5469999999999999,0.44099999999999995,0.201,3.1,10.05,6.6,15.2,1.45,1.0,12.7,22.200000000000003,2.4499999999999997,0.95,3.4,0.06999999999999999,0.3,-1.45,-1.15,0.55,2017,1627750.0,Jamal,Murray,Jamal Murray,"Murray, Jamal",J. Murray,jamal-murray,1997-02-23T00:00:00,Kentucky,Canada,Kentucky/Canada,76.0,215.0,6.0,Guard,Active,Y,1610612743.0,jamal_murray,2016.0,2023.0,N,Y,Y,2016,N,1,1,2,Yes
73,James Ennis III,SF,24.5,MIA,42.0,690.0,14.65,0.581,0.449,0.34099999999999997,6.45,10.7,8.6,8.65,1.85,1.35,12.4,17.2,0.95,0.5,1.4,0.1105,0.75,-0.75,0.0,0.2,2015,203516.0,James,Ennis III,James Ennis III,"Ennis III, James",J. Ennis III,james-ennis-iii,1990-07-01T00:00:00,Cal State-Long Beach,USA,California State-Long Beach/USA,78.0,215.0,8.0,Forward,Inactive,N,0.0,james_ennis_iii,2014.0,2021.0,Y,Y,Y,2013,N,2,2,3,Yes
74,Jarell Martin,PF,21.5,MEM,34.5,469.0,11.35,0.5055000000000001,0.0915,0.4325,9.8,20.0,14.75,4.300000000000001,1.35,1.6,12.8,17.799999999999997,0.15,0.5,0.7,0.077,-3.65,-1.2,-4.75,-0.35,2016,1626185.0,Jarell,Martin,Jarell Martin,"Martin, Jarell",J. Martin,jarell-martin,1994-05-24T00:00:00,Louisiana State,USA,Louisiana State/USA,82.0,239.0,5.0,Forward,Inactive,N,1610612763.0,jarell_martin,2015.0,2018.0,Y,Y,Y,2015,N,1,2,2,No
75,Jarrett Culver,SG,20.5,MIN,48.5,1002.5,9.2,0.47150000000000003,0.35150000000000003,0.246,5.9,13.05,9.350000000000001,8.8,1.7000000000000002,1.85,12.2,18.7,-0.8,0.7000000000000001,-0.1,-0.005,-3.9,-0.9,-4.8,-0.65,2020,1629633.0,Jarrett,Culver,Jarrett Culver,"Culver, Jarrett",J. Culver,jarrett-culver,1999-02-20T00:00:00,Texas Tech,USA,Texas Tech/USA,78.0,195.0,4.0,Guard-Forward,Inactive,N,0.0,jarrett_culver,2019.0,2022.0,Y,Y,Y,2019,N,2,2,3,Yes
76,Jaxson Hayes,C,19.5,NOP,62.0,1022.0,18.35,0.6819999999999999,0.0325,0.5815,9.95,17.3,13.6,6.2,1.15,4.0,11.95,15.6,2.7,1.05,3.7,0.1735,-0.15000000000000002,0.3,0.15,0.55,2020,1629637.0,Jaxson,Hayes,Jaxson Hayes,"Hayes, Jaxson",J. Hayes,jaxson-hayes,2000-05-23T00:00:00,Texas,USA,Texas/USA,84.0,220.0,4.0,Center-Forward,Active,Y,1610612747.0,jaxson_hayes,2019.0,2023.0,Y,Y,Y,2019,N,3,3,4,Yes
77,Jaylen Brown,SF,20.5,BOS,74.0,1746.5,11.95,0.5505,0.35,0.2915,3.5999999999999996,14.2,8.95,7.85,1.4500000000000002,1.05,12.25,19.75,0.7,2.25,3.0,0.0765,-1.9,-0.25,-2.1,0.10000000000000003,2017,1627759.0,Jaylen,Brown,Jaylen Brown,"Brown, Jaylen",J. Brown,jaylen-brown,1996-10-24T00:00:00,California,USA,California/USA,78.0,223.0,7.0,Guard-Forward,Active,Y,1610612738.0,jaylen_brown,2016.0,2023.0,N,Y,Y,2016,N,2,3,2,No
78,Jaylen Nowell,SG,20.5,MIN,28.5,455.0,11.4,0.4995,0.46950000000000003,0.2425,2.3,9.3,5.65,15.15,1.15,1.0,5.95,19.35,0.2,0.2,0.44999999999999996,0.0475,-2.2,-1.1,-3.3,-0.15000000000000002,2020,1629669.0,Jaylen,Nowell,Jaylen Nowell,"Nowell, Jaylen",J. Nowell,jaylen-nowell,1999-07-09T00:00:00,Washington,USA,Washington/USA,76.0,201.0,4.0,Guard,Inactive,Y,0.0,jaylen_nowell,2019.0,2023.0,Y,Y,Y,2019,N,2,2,2,No
79,Jerami Grant,SF,20.5,PHI,71.0,1721.5,10.649999999999999,0.488,0.3435,0.543,4.35,13.3,8.65,9.9,1.4,4.35,14.600000000000001,17.25,-0.2,1.5,1.3,0.0345,-3.0,0.5,-2.5,-0.2,2015,203924.0,Jerami,Grant,Jerami Grant,"Grant, Jerami",J. Grant,jerami-grant,1994-03-12T00:00:00,Syracuse,USA,Syracuse/USA,79.0,210.0,9.0,Forward,Active,Y,1610612757.0,jerami_grant,2014.0,2023.0,N,Y,Y,2014,N,3,3,4,Yes
80,Joe Harris,SG,23.5,CLE,28.0,254.0,4.5,0.456,0.85,0.0625,0.85,15.15,8.05,12.95,0.35,0.15,18.8,14.6,0.0,0.1,0.1,-0.007000000000000001,-4.5,-1.25,-5.75,-0.2,2015,203925.0,Joe,Harris,Joe Harris,"Harris, Joe",J. Harris,joe-harris,1991-09-06T00:00:00,Virginia,USA,Virginia/USA,78.0,220.0,9.0,Guard-Forward,Active,Y,1610612765.0,joe_harris,2014.0,2023.0,Y,Y,Y,2014,N,1,2,2,No
81,Joffrey Lauvergne,C,23.5,DEN,41.5,654.5,13.1,0.513,0.1595,0.2485,9.3,22.0,15.45,8.3,1.05,2.05,14.7,19.7,0.7000000000000001,0.5,1.2,0.058499999999999996,-2.55,-1.05,-3.5999999999999996,-0.05,2015,203530.0,Joffrey,Lauvergne,Joffrey Lauvergne,"Lauvergne, Joffrey",J. Lauvergne,joffrey-lauvergne,1991-09-30T00:00:00,Khimki,France,Khimki/France,83.0,260.0,5.0,Center,Inactive,N,1610612743.0,joffrey_lauvergne,2014.0,2017.0,N,Y,Y,2013,N,2,2,2,No
82,John Collins,PF,20.5,ATL,67.5,1807.0,20.05,0.6234999999999999,0.138,0.3305,11.65,22.450000000000003,17.0,9.95,0.95,2.8,12.75,20.799999999999997,4.2,1.5,5.7,0.1515,1.2,-0.85,0.35,1.05,2018,1628381.0,John,Collins,John Collins,"Collins, John",J. Collins,john-collins,1997-09-23T00:00:00,Wake Forest,USA,Wake Forest/USA,81.0,226.0,6.0,Forward-Center,Active,Y,1610612762.0,john_collins,2017.0,2023.0,N,Y,Y,2017,N,3,3,2,No
83,Jordan Clarkson,PG,22.5,LAL,69.0,2014.0,15.6,0.522,0.247,0.2255,3.9,10.05,6.85,18.8,1.75,0.44999999999999996,11.399999999999999,22.9,1.85,0.4,2.25,0.058499999999999996,0.5499999999999999,-1.2,-0.7000000000000001,0.5,2015,203903.0,Jordan,Clarkson,Jordan Clarkson,"Clarkson, Jordan",J. Clarkson,jordan-clarkson,1992-06-07T00:00:00,Missouri,USA,Missouri/USA,75.0,194.0,9.0,Guard,Active,Y,1610612762.0,jordan_clarkson,2014.0,2023.0,Y,Y,Y,2014,N,1,1,1,No
84,Jordan McRae,PG,24.5,TOT,29.5,289.5,11.95,0.518,0.311,0.293,2.05,9.45,5.800000000000001,14.149999999999999,0.85,0.8500000000000001,11.0,22.35,0.05,0.15000000000000002,0.30000000000000004,0.0535,-1.3,-1.5,-2.75,-0.1,2016,203895.0,Jordan,McRae,Jordan McRae,"McRae, Jordan",J. McRae,jordan-mcrae,1991-03-28T00:00:00,Tennessee,USA,Tennessee/USA,77.0,179.0,5.0,Guard,Inactive,N,1610612764.0,jordan_mcrae,2015.0,2019.0,Y,Y,Y,2014,N,1,1,2,Yes
85,Jordan Poole,SG,20.5,GSW,54.0,1131.0,11.15,0.5175,0.5549999999999999,0.244,1.15,8.899999999999999,5.0,15.600000000000001,1.25,0.75,10.3,23.05,-0.25,0.65,0.35,0.0235,-1.85,-1.7000000000000002,-3.55,-0.55,2020,1629673.0,Jordan,Poole,Jordan Poole,"Poole, Jordan",J. Poole,jordan-poole,1999-06-19T00:00:00,Michigan,USA,Michigan/USA,76.0,194.0,4.0,Guard,Active,Y,1610612764.0,jordan_poole,2019.0,2023.0,Y,Y,Y,2019,N,1,1,2,Yes
86,Josh Jackson,SF,20.5,PHO,78.0,1973.5,11.2,0.4835,0.2505,0.276,4.35,15.05,9.649999999999999,12.1,1.9,1.8499999999999999,13.899999999999999,24.95,-2.4,1.15,-1.2,-0.028999999999999998,-3.05,-1.2999999999999998,-4.4,-1.2000000000000002,2018,1628367.0,Josh,Jackson,Josh Jackson,"Jackson, Josh",J. Jackson,josh-jackson,1997-02-10T00:00:00,Kansas,USA,Kansas/USA,80.0,207.0,6.0,Guard-Forward,Inactive,N,1610612758.0,josh_jackson,2017.0,2021.0,Y,Y,Y,2017,N,1,1,4,Yes
87,Josh Okogie,SG,20.5,MIN,68.0,1652.0,10.45,0.5225,0.405,0.39949999999999997,4.1,11.850000000000001,7.85,7.9,2.2,1.5,12.55,15.25,0.4,1.2999999999999998,1.7000000000000002,0.051000000000000004,-2.95,0.2,-2.75,-0.35,2019,1629006.0,Josh,Okogie,Josh Okogie,"Okogie, Josh",J. Okogie,josh-okogie,1998-09-01T00:00:00,Georgia Tech,Nigeria,Georgia Tech/Nigeria,76.0,213.0,5.0,Guard,Active,Y,1610612756.0,josh_okogie,2018.0,2023.0,N,Y,Y,2018,N,3,3,4,Yes
88,Julius Randle,PF,20.5,LAL,41.0,1150.0,3.2,0.37,0.0215,0.495,3.9,16.0,9.75,5.5,0.6,0.5,17.0,18.35,-0.2,0.95,0.75,-0.12050000000000001,-5.75,-3.4499999999999997,-9.15,-0.35,2015,203944.0,Julius,Randle,Julius Randle,"Randle, Julius",J. Randle,julius-randle,1994-11-29T00:00:00,Kentucky,USA,Kentucky/USA,80.0,250.0,9.0,Forward-Center,Active,Y,1610612752.0,julius_randle,2014.0,2023.0,N,Y,Y,2014,N,1,1,3,Yes
89,Justin Jackson,SF,22.5,SAC,74.5,1560.0,10.25,0.541,0.47350000000000003,0.1245,2.4,11.8,7.0,7.65,0.9,0.75,6.85,14.25,1.2,0.7,1.95,0.058499999999999996,-1.6,-0.9500000000000001,-2.55,-0.19999999999999998,2018,1628382.0,Justin,Jackson,Justin Jackson,"Jackson, Justin",J. Jackson,justin-jackson,1995-03-28T00:00:00,North Carolina,USA,North Carolina/USA,80.0,220.0,6.0,Forward,Inactive,N,0.0,justin_jackson,2017.0,2022.0,Y,Y,Y,2017,N,1,2,1,No
90,Karl-Anthony Towns,C,20.5,MIN,82.0,2828.5,24.2,0.604,0.131,0.264,10.75,27.65,19.2,12.25,1.0,3.5999999999999996,11.95,26.2,7.7,2.8,10.5,0.176,4.0,-0.55,3.45,3.95,2016,1626157.0,Karl-Anthony,Towns,Karl-Anthony Towns,"Towns, Karl-Anthony",K. Towns,karl-anthony-towns,1995-11-15T00:00:00,Kentucky,USA,Kentucky/USA,84.0,248.0,8.0,Center-Forward,Active,Y,1610612750.0,karl-anthony_towns,2015.0,2023.0,N,Y,Y,2015,N,2,2,3,Yes
91,Keita Bates-Diop,SF,23.5,MIN,37.0,623.5,11.0,0.514,0.403,0.259,3.45,14.75,8.95,5.199999999999999,1.45,2.55,7.15,14.95,0.3,0.5,0.75,0.055,-1.9,-0.5,-2.4,-0.05,2019,1628966.0,Keita,Bates-Diop,Keita Bates-Diop,"Bates-Diop, Keita",K. Bates-Diop,keita-bates-diop,1996-01-23T00:00:00,Ohio State,USA,Ohio State/USA,80.0,229.0,5.0,Forward,Active,Y,1610612756.0,keita_bates-diop,2018.0,2023.0,Y,Y,Y,2018,N,2,2,3,Yes
92,Keldon Johnson,SF,20.5,SAS,43.0,1134.5,16.450000000000003,0.634,0.252,0.386,4.25,17.200000000000003,10.649999999999999,8.05,1.6,0.8,9.85,18.299999999999997,1.2000000000000002,0.95,2.2,0.1265,0.3,-0.35,-0.050000000000000044,0.25,2020,1629640.0,Keldon,Johnson,Keldon Johnson,"Johnson, Keldon",K. Johnson,keldon-johnson,1999-10-11T00:00:00,Kentucky,USA,Kentucky/USA,77.0,220.0,4.0,Forward-Guard,Active,Y,1610612759.0,keldon_johnson,2019.0,2023.0,Y,Y,Y,2019,N,3,3,1,No
93,Kelly Oubre Jr.,SF,20.5,WAS,71.0,1138.0,8.649999999999999,0.5115000000000001,0.39949999999999997,0.228,4.199999999999999,16.2,10.149999999999999,3.4,1.7000000000000002,0.8500000000000001,11.05,16.0,0.15,1.1,1.2,0.046,-3.9,-0.25,-4.15,-0.5,2016,1626162.0,Kelly,Oubre Jr.,Kelly Oubre Jr.,"Oubre Jr., Kelly",K. Oubre Jr.,kelly-oubre-jr,1995-12-09T00:00:00,Kansas,USA,Kansas/USA,79.0,203.0,8.0,Forward-Guard,Active,Y,1610612755.0,kelly_oubre_jr,2015.0,2023.0,N,Y,Y,2015,N,2,3,3,No
94,Kentavious Caldwell-Pope,SG,20.5,DET,81.0,2085.0,10.3,0.492,0.4295,0.14800000000000002,2.2,8.85,5.4,5.9,2.15,0.55,6.8500000000000005,16.7,1.05,1.3,2.3,0.0535,-2.15,0.04999999999999999,-2.15,0.0,2014,203484.0,Kentavious,Caldwell-Pope,Kentavious Caldwell-Pope,"Caldwell-Pope, Kentavious",K. Caldwell-Pope,kentavious-caldwell-pope,1993-02-18T00:00:00,Georgia,USA,Georgia/USA,77.0,204.0,10.0,Guard,Active,Y,1610612743.0,kentavious_caldwell-pope,2013.0,2023.0,N,Y,Y,2013,N,3,3,4,Yes
95,Kevin Huerter,SG,20.5,ATL,65.5,1904.0,10.8,0.5345,0.5425,0.095,2.55,10.85,6.65,16.0,1.45,1.2000000000000002,12.9,16.4,0.85,0.6499999999999999,1.55,0.0385,-1.15,-0.8500000000000001,-2.0,0.0,2019,1628989.0,Kevin,Huerter,Kevin Huerter,"Huerter, Kevin",K. Huerter,kevin-huerter,1998-08-27T00:00:00,Maryland,USA,Maryland/USA,79.0,198.0,5.0,Guard-Forward,Active,Y,1610612758.0,kevin_huerter,2018.0,2023.0,N,Y,Y,2018,N,2,2,3,Yes
96,Kevin Porter Jr.,SF,19.5,CLE,38.0,998.5,11.65,0.5315000000000001,0.40700000000000003,0.248,2.25,12.0,7.0,22.55,1.5,0.95,17.45,22.95,-0.3,0.44999999999999996,0.15,0.006,-2.1500000000000004,-1.5,-3.65,-0.4,2020,1629645.0,Kevin,Porter Jr.,Kevin Porter Jr.,"Porter Jr., Kevin",K. Porter Jr.,kevin-porter-jr,2000-05-04T00:00:00,USC,USA,Southern California/USA,76.0,203.0,5.0,Guard-Forward,Inactive,N,1610612745.0,kevin_porter_jr,2019.0,2022.0,Y,Y,Y,2019,N,2,2,2,No
97,Kevon Looney,PF,19.5,GSW,29.0,234.0,16.1,0.5980000000000001,0.185,0.159,16.65,23.8,20.4,4.25,0.8,1.5,12.35,14.95,0.39999999999999997,0.4,0.75,0.1735,-0.3999999999999999,-1.6999999999999997,-2.1,0.0,2016,1626172.0,Kevon,Looney,Kevon Looney,"Looney, Kevon",K. Looney,kevon-looney,1996-02-06T00:00:00,UCLA,USA,UCLA/USA,81.0,222.0,8.0,Forward,Active,Y,1610612744.0,kevon_looney,2015.0,2023.0,Y,Y,Y,2015,N,1,3,4,Yes
98,Kyle Kuzma,PF,22.5,LAL,73.5,2357.5,14.1,0.5475000000000001,0.403,0.21500000000000002,3.3,15.75,9.6,10.3,0.9,1.0,10.5,23.15,1.35,2.0999999999999996,3.45,0.07100000000000001,0.04999999999999999,-1.1,-1.0499999999999998,0.6000000000000001,2018,1628398.0,Kyle,Kuzma,Kyle Kuzma,"Kuzma, Kyle",K. Kuzma,kyle-kuzma,1995-07-24T00:00:00,Utah,USA,Utah/USA,81.0,221.0,6.0,Forward,Active,Y,1610612764.0,kyle_kuzma,2017.0,2023.0,N,Y,Y,2017,N,1,1,2,Yes
99,Landry Shamet,SG,21.5,TOT,66.0,1627.0,9.75,0.592,0.734,0.1805,0.8500000000000001,6.5,3.75,9.05,0.85,0.5,8.0,14.2,2.1,1.0,3.1,0.0905,-1.05,-0.8,-1.85,0.1,2019,1629013.0,Landry,Shamet,Landry Shamet,"Shamet, Landry",L. Shamet,landry-shamet,1997-03-13T00:00:00,Wichita State,USA,Wichita State/USA,76.0,190.0,5.0,Guard,Active,Y,1610612764.0,landry_shamet,2018.0,2023.0,N,Y,Y,2018,N,1,2,2,No
100,Lauri Markkanen,PF,20.5,CHI,60.0,1851.0,16.35,0.5525,0.4415,0.219,4.35,24.799999999999997,14.35,6.800000000000001,1.0,1.75,8.5,23.5,1.5,1.55,3.0,0.0785,1.2,-1.35,-0.2,0.8,2018,1628374.0,Lauri,Markkanen,Lauri Markkanen,"Markkanen, Lauri",L. Markkanen,lauri-markkanen,1997-05-22T00:00:00,Arizona,Finland,Arizona/Finland,84.0,240.0,6.0,Forward-Center,Active,Y,1610612762.0,lauri_markkanen,2017.0,2023.0,N,Y,Y,2017,N,1,1,2,Yes
101,Lorenzo Brown,PG,23.5,PHI,27.5,386.5,9.6,0.4085,0.2895,0.1535,3.25,11.0,7.05,26.2,2.7,1.0,16.8,16.65,-0.2,0.2,0.0,-0.021500000000000002,-3.65,-0.19999999999999998,-3.85,-0.15000000000000002,2014,203485.0,Lorenzo,Brown,Lorenzo Brown,"Brown, Lorenzo",L. Brown,lorenzo-brown,1990-08-26T00:00:00,North Carolina State,USA,North Carolina State/USA,77.0,189.0,5.0,Guard,Inactive,N,0.0,lorenzo_brown,2013.0,2018.0,Y,Y,Y,2013,N,2,3,4,Yes
102,Luke Kennard,SG,21.5,DET,68.0,1450.0,12.0,0.56,0.46799999999999997,0.14,1.25,12.7,6.8,12.5,1.2,0.7,10.8,17.65,1.2000000000000002,1.35,2.55,0.085,-0.65,-0.25,-0.9500000000000001,0.4,2018,1628379.0,Luke,Kennard,Luke Kennard,"Kennard, Luke",L. Kennard,luke-kennard,1996-06-24T00:00:00,Duke,USA,Duke/USA,77.0,206.0,6.0,Guard,Active,Y,1610612763.0,luke_kennard,2017.0,2023.0,Y,Y,Y,2017,N,3,3,2,No
103,Malcolm Brogdon,SG,24.5,MIL,61.5,1709.0,14.600000000000001,0.5665,0.312,0.1835,2.3499999999999996,10.2,6.35,20.3,1.8,0.65,12.5,18.8,2.3,1.1,3.4,0.0955,-0.05,-0.7,-0.8,0.55,2017,1627763.0,Malcolm,Brogdon,Malcolm Brogdon,"Brogdon, Malcolm",M. Brogdon,malcolm-brogdon,1992-12-11T00:00:00,Virginia,USA,Virginia/USA,76.0,229.0,7.0,Guard,Active,Y,1610612757.0,malcolm_brogdon,2016.0,2023.0,N,Y,Y,2016,N,2,2,3,Yes
104,Malik Beasley,SG,20.5,DEN,42.0,374.0,11.35,0.5225,0.4225,0.161,3.05,9.5,6.300000000000001,8.8,1.7000000000000002,0.5,10.25,19.1,0.1,0.2,0.25,0.0425,-1.4,-0.7999999999999999,-2.1999999999999997,-0.09999999999999999,2017,1627736.0,Malik,Beasley,Malik Beasley,"Beasley, Malik",M. Beasley,malik-beasley,1996-11-26T00:00:00,Florida State,USA,Florida State/USA,76.0,187.0,7.0,Guard,Active,Y,1610612749.0,malik_beasley,2016.0,2023.0,Y,Y,Y,2016,N,2,2,2,No
105,Malik Monk,SG,19.5,CHO,68.0,1056.0,11.0,0.4975,0.5674999999999999,0.1315,1.15,9.05,5.050000000000001,15.6,1.25,1.1,11.0,24.75,-0.45,0.6,0.15,0.006,-1.3,-1.85,-3.2,-0.3,2018,1628370.0,Malik,Monk,Malik Monk,"Monk, Malik",M. Monk,malik-monk,1998-02-04T00:00:00,Kentucky,USA,Kentucky/USA,75.0,200.0,6.0,Guard,Active,Y,1610612758.0,malik_monk,2017.0,2023.0,Y,Y,Y,2017,N,1,1,1,No
106,Mario Hezonja,SF,20.5,ORL,72.0,1186.5,8.3,0.49550000000000005,0.4475,0.1405,2.2,13.25,7.6000000000000005,10.399999999999999,1.45,1.15,16.05,17.85,-0.75,0.9,0.10000000000000003,-0.002,-3.25,-0.8,-4.05,-0.55,2016,1626209.0,Mario,Hezonja,Mario Hezonja,"Hezonja, Mario",M. Hezonja,mario-hezonja,1995-02-25T00:00:00,FC Barcelona,Croatia,FC Barcelona/Croatia,80.0,220.0,6.0,Forward-Guard,Inactive,N,1610612753.0,mario_hezonja,2015.0,2019.0,N,Y,Y,2015,N,2,2,3,Yes
107,Markelle Fultz,SG,19.5,PHI,16.5,340.0,11.45,0.434,0.049499999999999995,0.214,5.75,11.85,8.95,25.4,2.0999999999999996,1.1,12.55,21.200000000000003,-0.15000000000000002,0.4,0.25,0.039,-3.3,0.44999999999999996,-2.85,-0.05,2018,1628365.0,Markelle,Fultz,Markelle Fultz,"Fultz, Markelle",M. Fultz,markelle-fultz,1998-05-29T00:00:00,Washington,USA,Washington/USA,76.0,209.0,6.0,Guard,Active,Y,1610612753.0,markelle_fultz,2017.0,2023.0,N,Y,Y,2017,N,3,3,3,No
108,Marquese Chriss,PF,19.5,PHO,77.0,1635.0,11.7,0.519,0.376,0.3085,5.5,19.4,12.3,6.65,1.7000000000000002,3.45,14.799999999999999,18.9,-0.25,1.5,1.25,0.036500000000000005,-2.7,0.15000000000000002,-2.5,-0.2,2017,1627737.0,Marquese,Chriss,Marquese Chriss,"Chriss, Marquese",M. Chriss,marquese-chriss,1997-07-02T00:00:00,Washington,USA,Washington/USA,81.0,240.0,7.0,Forward,Inactive,N,1610612742.0,marquese_chriss,2016.0,2021.0,N,Y,Y,2016,N,2,3,3,No
109,Marvin Bagley III,PF,19.5,SAC,37.5,950.5,17.25,0.537,0.134,0.27849999999999997,9.95,22.15,15.9,5.4,0.95,3.3,9.899999999999999,25.0,1.0,0.9500000000000001,2.0,0.0805,-0.8500000000000001,-1.45,-2.25,0.15000000000000002,2019,1628963.0,Marvin,Bagley III,Marvin Bagley III,"Bagley III, Marvin",M. Bagley III,marvin-bagley-iii,1999-03-14T00:00:00,Duke,USA,Duke/USA,82.0,235.0,5.0,Forward,Active,Y,1610612764.0,marvin_bagley_iii,2018.0,2023.0,N,Y,Y,2018,N,1,1,1,No
110,Michael Carter-Williams,PG,22.5,PHI,68.0,2281.5,14.8,0.47050000000000003,0.1815,0.3325,3.75,15.45,9.4,33.75,2.6,1.25,18.2,26.2,-1.4500000000000002,2.5,1.05,0.0215,-0.75,0.04999999999999999,-0.8,0.7,2014,203487.0,Michael,Carter-Williams,Michael Carter-Williams,"Carter-Williams, Michael",M. Carter-Williams,michael-carter-williams,1991-10-10T00:00:00,Syracuse,USA,Syracuse/USA,77.0,190.0,10.0,Guard,Inactive,N,1610612753.0,michael_carter-williams,2013.0,2022.0,Y,Y,Y,2013,N,2,3,4,Yes
111,Michael Porter Jr.,SF,21.5,DEN,58.0,1407.5,20.200000000000003,0.64,0.42600000000000005,0.176,6.8,22.4,14.65,6.75,1.25,2.7,9.35,22.0,3.3,1.6,4.9,0.16349999999999998,3.2,-0.8500000000000001,2.3,1.65,2020,1629008.0,Michael,Porter Jr.,Michael Porter Jr.,"Porter Jr., Michael",M. Porter Jr.,michael-porter-jr,1998-06-29T00:00:00,Missouri,USA,Missouri/USA,82.0,218.0,4.0,Forward,Active,Y,1610612743.0,michael_porter_jr,2018.0,2023.0,N,Y,Y,2018,N,2,2,3,Yes
112,Mike Muscala,PF,22.5,ATL,30.0,358.5,14.4,0.544,0.0935,0.179,10.7,16.75,13.75,6.6,1.15,3.45,12.35,18.0,0.5499999999999999,0.44999999999999996,1.05,0.1095,-2.1,-0.6,-2.7,0.04999999999999999,2014,203488.0,Mike,Muscala,Mike Muscala,"Muscala, Mike",M. Muscala,mike-muscala,1991-07-01T00:00:00,Bucknell,USA,Bucknell/USA,82.0,240.0,10.0,Forward-Center,Active,Y,1610612765.0,mike_muscala,2013.0,2023.0,Y,Y,Y,2013,N,1,2,4,Yes
113,Miles Bridges,SF,20.5,CHO,72.5,1845.5,12.6,0.534,0.3945,0.16249999999999998,4.4,16.1,10.100000000000001,8.75,1.3,2.35,9.45,17.55,0.85,1.4,2.25,0.061,-1.2,-0.45,-1.65,0.1,2019,1628970.0,Miles,Bridges,Miles Bridges,"Bridges, Miles",M. Bridges,miles-bridges,1998-03-21T00:00:00,Michigan State,USA,Michigan State/USA,79.0,225.0,4.0,Forward,Active,Y,1610612766.0,miles_bridges,2018.0,2023.0,N,Y,Y,2018,N,3,3,3,No
114,Montrezl Harrell,PF,22.5,HOU,48.5,721.5,16.9,0.6485000000000001,0.0155,0.431,7.75,12.95,10.35,8.4,1.15,2.8,11.65,16.05,1.9,0.6,2.5,0.1505,0.2,0.0,0.2,0.45,2016,1626149.0,Montrezl,Harrell,Montrezl Harrell,"Harrell, Montrezl",M. Harrell,montrezl-harrell,1994-01-26T00:00:00,Louisville,USA,Louisville/USA,79.0,240.0,9.0,Forward-Center,Inactive,N,1610612755.0,montrezl_harrell,2015.0,2022.0,Y,Y,Y,2015,N,2,3,3,No
115,Moritz Wagner,C,21.5,LAL,44.0,640.5,12.6,0.5855,0.3755,0.3335,5.5,18.8,12.05,8.600000000000001,1.35,2.2,17.2,20.15,0.4,0.55,0.95,0.059500000000000004,-2.95,-0.35,-3.3,-0.2,2019,1629021.0,Moritz,Wagner,Moritz Wagner,"Wagner, Moritz",M. Wagner,moritz-wagner,1997-04-26T00:00:00,Michigan,Germany,Michigan/Germany,83.0,245.0,5.0,Forward-Center,Active,Y,1610612753.0,moritz_wagner,2018.0,2023.0,Y,Y,Y,2018,N,2,2,3,Yes
116,Nassir Little,PF,19.5,POR,48.0,606.5,10.6,0.5469999999999999,0.435,0.28,5.45,15.2,10.3,4.95,0.75,1.9500000000000002,8.45,13.75,0.6,0.25,0.8500000000000001,0.0645,-2.0,-1.1,-3.1,-0.15000000000000002,2020,1629642.0,Nassir,Little,Nassir Little,"Little, Nassir",N. Little,nassir-little,2000-02-11T00:00:00,North Carolina,USA,North Carolina/USA,78.0,220.0,4.0,Forward-Guard,Active,Y,1610612756.0,nassir_little,2019.0,2023.0,N,Y,Y,2019,N,2,2,2,No
117,Nickeil Alexander-Walker,SG,21.5,NOP,46.5,799.0,10.7,0.4975,0.489,0.14150000000000001,1.5,13.8,7.65,17.9,1.75,1.6,14.25,23.25,-0.5,0.7,0.24999999999999997,0.0075000000000000015,-2.3,-0.6499999999999999,-2.9499999999999997,-0.1,2020,1629638.0,Nickeil,Alexander-Walker,Nickeil Alexander-Walker,"Alexander-Walker, Nickeil",N. Alexander-Walker,nickeil-alexander-walker,1998-09-02T00:00:00,Virginia Tech,Canada,Virginia Tech/Canada,77.0,205.0,4.0,Guard,Active,Y,1610612750.0,nickeil_alexander-walker,2019.0,2023.0,Y,Y,Y,2019,N,1,3,3,No
118,Nik Stauskas,SG,21.5,SAC,73.0,1468.0,8.35,0.5045,0.5495,0.2165,1.2000000000000002,8.75,4.95,10.5,1.05,1.0,12.3,15.45,0.15,0.35,0.5,0.0165,-2.3499999999999996,-1.25,-3.55,-0.6000000000000001,2015,203917.0,Nik,Stauskas,Nik Stauskas,"Stauskas, Nik",N. Stauskas,nik-stauskas,1993-10-07T00:00:00,Michigan,Canada,Michigan/Canada,78.0,207.0,7.0,Guard,Inactive,N,1610612738.0,nik_stauskas,2014.0,2021.0,Y,Y,Y,2014,N,1,1,2,Yes
119,Noah Vonleh,PF,19.5,CHO,51.5,716.5,10.899999999999999,0.473,0.168,0.2625,10.0,22.55,16.2,3.1,1.0,2.2,12.75,15.15,0.05,0.75,0.85,0.066,-3.0,-0.6,-3.6500000000000004,-0.35,2015,203943.0,Noah,Vonleh,Noah Vonleh,"Vonleh, Noah",N. Vonleh,noah-vonleh,1995-08-24T00:00:00,Indiana,USA,Indiana/USA,82.0,257.0,8.0,Forward,Inactive,N,0.0,noah_vonleh,2014.0,2022.0,Y,Y,Y,2014,N,1,2,2,No
120,Norman Powell,SG,22.5,TOR,62.5,1046.5,13.65,0.5465,0.36550000000000005,0.2725,2.4000000000000004,13.3,7.9,9.850000000000001,2.0,1.0,11.05,19.450000000000003,1.0499999999999998,1.15,2.2,0.101,-0.55,0.2,-0.4,0.4,2016,1626181.0,Norman,Powell,Norman Powell,"Powell, Norman",N. Powell,norman-powell,1993-05-25T00:00:00,UCLA,USA,UCLA/USA,76.0,215.0,8.0,Guard,Active,Y,1610612746.0,norman_powell,2015.0,2023.0,Y,Y,Y,2015,N,3,3,3,No
121,Otto Porter Jr.,SF,20.5,WAS,55.5,875.5,8.8,0.464,0.2485,0.167,6.55,12.45,9.55,5.699999999999999,1.4500000000000002,1.0,11.8,15.35,0.3,1.05,1.35,0.043,-3.0,-0.35000000000000003,-3.35,0.15,2014,203490.0,Otto,Porter Jr.,Otto Porter Jr.,"Porter Jr., Otto",O. Porter Jr.,otto-porter-jr,1993-06-03T00:00:00,Georgetown,USA,Georgetown/USA,80.0,230.0,10.0,Forward,Active,Y,1610612761.0,otto_porter_jr,2013.0,2023.0,N,Y,Y,2013,N,1,3,4,Yes
122,P.J. Washington,PF,21.5,CHO,61.0,1856.5,12.9,0.548,0.4065,0.221,4.3,17.450000000000003,10.7,11.75,1.6,3.15,13.55,19.0,0.4,1.95,2.35,0.06,-1.6,0.35,-1.25,0.4,2020,1629023.0,P.J.,Washington,P.J. Washington,"Washington, P.J.",P. Washington,pj-washington,1998-08-23T00:00:00,Kentucky,USA,Kentucky/USA,79.0,230.0,4.0,Forward,Active,Y,1610612766.0,pj_washington,2019.0,2023.0,N,Y,Y,2019,N,3,3,3,No
123,Pat Connaughton,SG,23.5,POR,36.5,229.5,8.2,0.4985,0.4435,0.11349999999999999,5.9,15.350000000000001,10.6,11.3,0.8,0.25,17.3,15.85,0.05000000000000002,0.15000000000000002,0.19999999999999998,0.006999999999999999,-2.6,-1.75,-4.35,-0.05,2016,1626192.0,Pat,Connaughton,Pat Connaughton,"Connaughton, Pat",P. Connaughton,pat-connaughton,1993-01-06T00:00:00,Notre Dame,USA,Notre Dame/USA,77.0,209.0,8.0,Guard,Active,Y,1610612749.0,pat_connaughton,2015.0,2023.0,N,Y,Y,2015,N,1,2,4,Yes
124,Patrick McCaw,SG,21.5,GSW,64.0,1017.5,8.0,0.5085,0.429,0.151,2.15,7.4,4.949999999999999,9.8,1.8,0.9500000000000001,13.35,12.350000000000001,0.1,1.0,1.15,0.053,-3.3499999999999996,0.1,-3.25,-0.3,2017,1627775.0,Patrick,McCaw,Patrick McCaw,"McCaw, Patrick",P. McCaw,patrick-mccaw,1995-10-25T00:00:00,UNLV,USA,UNLV/USA,79.0,181.0,6.0,Guard,Inactive,N,0.0,patrick_mccaw,2016.0,2020.0,Y,Y,Y,2016,N,3,3,4,Yes
125,RJ Barrett,SG,19.5,NYK,64.0,2107.5,12.05,0.507,0.2815,0.3045,3.0,14.8,8.8,13.3,1.35,0.8500000000000001,11.7,23.7,-0.35000000000000003,2.1,1.7999999999999998,0.0315,-1.9,-0.9,-2.75,-0.25,2020,1629628.0,RJ,Barrett,RJ Barrett,"Barrett, RJ",R. Barrett,rj-barrett,2000-06-14T00:00:00,Duke,Canada,Duke/Canada,78.0,214.0,4.0,Forward-Guard,Active,Y,1610612761.0,rj_barrett,2019.0,2023.0,N,Y,Y,2019,N,1,2,1,No
126,Richaun Holmes,PF,22.5,PHI,54.0,947.5,17.25,0.5874999999999999,0.1925,0.2915,9.0,15.9,12.45,8.15,1.5,4.0,10.95,18.25,1.6,1.05,2.65,0.127,-0.30000000000000004,0.04999999999999999,-0.25,0.5,2016,1626158.0,Richaun,Holmes,Richaun Holmes,"Holmes, Richaun",R. Holmes,richaun-holmes,1993-10-15T00:00:00,Bowling Green,USA,Bowling Green/USA,81.0,235.0,8.0,Forward,Active,Y,1610612742.0,richaun_holmes,2015.0,2023.0,Y,Y,Y,2015,N,2,3,4,Yes
127,Rodney Hood,SG,22.5,UTA,64.5,1802.5,13.2,0.5355000000000001,0.4585,0.21,1.4,11.1,6.25,13.8,1.5,0.7,10.2,20.55,2.35,1.7,4.1,0.10500000000000001,-0.15000000000000002,0.15,0.0,1.0,2015,203918.0,Rodney,Hood,Rodney Hood,"Hood, Rodney",R. Hood,rodney-hood,1992-10-20T00:00:00,Duke,USA,Duke/USA,80.0,208.0,9.0,Guard-Forward,Inactive,N,1610612746.0,rodney_hood,2014.0,2021.0,N,Y,Y,2014,N,3,3,2,No
128,Romeo Langford,SG,20.5,BOS,25.0,326.5,5.25,0.435,0.3215,0.258,4.550000000000001,8.25,6.4,5.2,1.0,1.85,12.15,11.55,-0.2,0.30000000000000004,0.1,0.014,-4.800000000000001,-0.04999999999999999,-4.75,-0.25,2020,1629641.0,Romeo,Langford,Romeo Langford,"Langford, Romeo",R. Langford,romeo-langford,1999-10-25T00:00:00,Indiana,USA,Indiana/USA,77.0,216.0,5.0,Guard-Forward,Inactive,Y,1610612759.0,romeo_langford,2019.0,2022.0,Y,Y,Y,2019,N,2,3,4,Yes
129,Rui Hachimura,PF,21.5,WAS,52.5,1620.5,12.45,0.542,0.1855,0.2525,4.3,16.25,10.149999999999999,7.550000000000001,1.15,0.4,8.3,18.55,1.0,0.95,1.9500000000000002,0.057999999999999996,-1.7000000000000002,-1.5,-3.1500000000000004,-0.45,2020,1629060.0,Rui,Hachimura,Rui Hachimura,"Hachimura, Rui",R. Hachimura,rui-hachimura,1998-02-08T00:00:00,Gonzaga,Japan,Gonzaga/Japan,80.0,230.0,4.0,Forward,Active,Y,1610612747.0,rui_hachimura,2019.0,2023.0,N,Y,Y,2019,N,1,1,1,No
130,Ryan Kelly,PF,22.5,LAL,55.5,1272.5,10.6,0.5105,0.4085,0.3355,2.25,13.4,7.7,10.8,1.2,2.05,9.65,14.95,0.95,0.5,1.4500000000000002,0.054,-2.2,-0.2,-2.4,-0.1,2014,203527.0,Ryan,Kelly,Ryan Kelly,"Kelly, Ryan",R. Kelly,ryan-kelly,1991-04-09T00:00:00,Duke,USA,Duke/USA,83.0,230.0,5.0,Forward,Inactive,N,1610612747.0,ryan_kelly,2013.0,2016.0,Y,Y,Y,2013,N,3,3,4,Yes
131,Semi Ojeleye,PF,23.5,BOS,64.5,872.0,6.55,0.502,0.614,0.23249999999999998,3.95,11.399999999999999,7.7,3.75,0.8500000000000001,0.44999999999999996,10.3,11.55,0.0,0.9,0.95,0.052500000000000005,-3.6999999999999997,-0.65,-4.35,-0.55,2018,1628400.0,Semi,Ojeleye,Semi Ojeleye,"Ojeleye, Semi",S. Ojeleye,semi-ojeleye,1994-12-05T00:00:00,Southern Methodist,USA,Southern Methodist/USA,78.0,240.0,5.0,Forward,Inactive,N,0.0,semi_ojeleye,2017.0,2021.0,N,Y,Y,2017,N,3,3,3,No
132,Shabazz Muhammad,SG,21.5,MIN,37.5,578.0,16.5,0.5305,0.1085,0.344,8.45,11.8,10.1,6.5,1.25,0.44999999999999996,8.649999999999999,24.200000000000003,1.1,0.05,1.15,0.0815,0.6499999999999999,-2.5,-1.9,0.19999999999999998,2014,203498.0,Shabazz,Muhammad,Shabazz Muhammad,"Muhammad, Shabazz",S. Muhammad,shabazz-muhammad,1992-11-13T00:00:00,UCLA,USA,UCLA/USA,78.0,221.0,6.0,Guard-Forward,Inactive,N,1610612750.0,shabazz_muhammad,2013.0,2017.0,Y,Y,Y,2013,N,1,1,1,No
133,Shabazz Napier,PG,23.5,MIA,53.0,806.0,9.45,0.48850000000000005,0.5175000000000001,0.235,1.85,9.899999999999999,5.9,21.5,2.0,0.2,20.75,17.6,-0.3,0.6000000000000001,0.3,0.014,-2.35,-0.75,-3.1,-0.25,2015,203894.0,Shabazz,Napier,Shabazz Napier,"Napier, Shabazz",S. Napier,shabazz-napier,1991-07-14T00:00:00,Connecticut,USA,Connecticut/USA,72.0,175.0,7.0,Guard,Inactive,N,1610612757.0,shabazz_napier,2014.0,2019.0,Y,Y,Y,2014,N,2,2,4,Yes
134,Shai Gilgeous-Alexander,PG,20.5,LAC,76.0,2301.0,15.55,0.5609999999999999,0.2205,0.312,2.55,12.200000000000001,7.550000000000001,16.5,1.85,1.65,12.65,21.0,2.3,2.45,4.699999999999999,0.0975,0.2,0.4,0.6,1.5,2019,1628983.0,Shai,Gilgeous-Alexander,Shai Gilgeous-Alexander,"Gilgeous-Alexander, Shai",S. Gilgeous-Alexander,shai-gilgeous-alexander,1998-07-12T00:00:00,Kentucky,Canada,Kentucky/Canada,78.0,195.0,5.0,Guard,Active,Y,1610612760.0,shai_gilgeous-alexander,2018.0,2023.0,N,Y,Y,2018,N,3,3,3,No
135,Shake Milton,SG,22.5,PHI,30.0,536.5,11.850000000000001,0.55,0.4965,0.1575,2.9000000000000004,10.0,6.45,14.0,1.2999999999999998,1.5,9.75,16.95,0.75,0.5,1.2,0.0925,-1.3,-0.8,-2.1,0.05,2019,1629003.0,Shake,Milton,Shake Milton,"Milton, Shake",S. Milton,shake-milton,1996-09-26T00:00:00,Southern Methodist,USA,Southern Methodist/USA,77.0,205.0,5.0,Guard-Forward,Active,Y,1610612750.0,shake_milton,2018.0,2023.0,Y,Y,Y,2018,N,2,2,2,No
136,Shane Larkin,PG,21.5,DAL,62.0,1177.0,9.600000000000001,0.475,0.273,0.1815,2.15,8.35,5.2,19.9,2.6500000000000004,0.30000000000000004,18.0,15.5,0.2,0.6,0.7999999999999999,0.017499999999999998,-3.4,0.1,-3.3,-0.30000000000000004,2014,203499.0,Shane,Larkin,Shane Larkin,"Larkin, Shane",S. Larkin,shane-larkin,1992-10-02T00:00:00,Miami,USA,Miami/USA,71.0,175.0,4.0,Guard,Inactive,N,1610612751.0,shane_larkin,2013.0,2017.0,Y,Y,Y,2013,N,3,3,4,Yes
137,Spencer Dinwiddie,PG,21.5,DET,23.0,307.0,9.55,0.4085,0.28500000000000003,0.406,1.75,10.100000000000001,5.75,27.9,1.6,0.5,12.25,20.9,-0.15,0.25,0.1,0.0185,-3.8,-0.19999999999999998,-4.0,-0.1,2015,203915.0,Spencer,Dinwiddie,Spencer Dinwiddie,"Dinwiddie, Spencer",S. Dinwiddie,spencer-dinwiddie,1993-04-06T00:00:00,Colorado,USA,Colorado/USA,77.0,215.0,9.0,Guard,Active,Y,1610612751.0,spencer_dinwiddie,2014.0,2023.0,Y,Y,Y,2014,N,3,3,3,No
138,Sterling Brown,SG,22.5,MIL,56.0,905.0,10.0,0.5329999999999999,0.4575,0.126,3.55,15.95,9.9,7.6,1.55,1.0499999999999998,11.3,14.6,0.35,1.0499999999999998,1.4,0.07050000000000001,-2.3,0.04999999999999999,-2.3,-0.05,2018,1628425.0,Sterling,Brown,Sterling Brown,"Brown, Sterling",S. Brown,sterling-brown,1995-02-10T00:00:00,Southern Methodist,USA,Southern Methodist/USA,77.0,219.0,6.0,Guard-Forward,Inactive,N,0.0,sterling_brown,2017.0,2022.0,Y,Y,Y,2017,N,2,3,4,Yes
139,Svi Mykhailiuk,SF,21.5,TOT,49.0,852.5,8.6,0.5125,0.6699999999999999,0.15799999999999997,1.85,7.050000000000001,4.45,11.600000000000001,1.55,0.25,12.350000000000001,16.55,0.3,0.44999999999999996,0.75,0.024,-2.3,-1.15,-3.45,-0.15,2019,1629004.0,Svi,Mykhailiuk,Svi Mykhailiuk,"Mykhailiuk, Svi",S. Mykhailiuk,svi-mykhailiuk,1997-06-10T00:00:00,Kansas,Ukraine,Kansas/Ukraine,79.0,205.0,5.0,Guard-Forward,Active,Y,1610612738.0,sviatoslav_mykhailiuk,2018.0,2023.0,Y,Y,Y,2018,N,1,1,2,Yes
140,T.J. Leaf,PF,20.5,IND,55.5,490.5,13.799999999999999,0.5585,0.239,0.14350000000000002,8.25,15.05,11.7,4.85,0.65,2.0,6.15,16.2,0.7,0.5,1.2000000000000002,0.11499999999999999,-0.5499999999999999,-1.15,-1.7,0.05,2018,1628388.0,T.J.,Leaf,T.J. Leaf,"Leaf, T.J.",T. Leaf,tj-leaf,1997-04-30T00:00:00,UCLA,USA,UCLA/USA,82.0,222.0,5.0,Forward,Inactive,N,1610612754.0,tj_leaf,2017.0,2020.0,Y,Y,Y,2017,N,1,2,4,Yes
141,T.J. Warren,SF,21.5,PHO,43.5,842.0,14.85,0.55,0.1285,0.11699999999999999,6.5,8.600000000000001,7.55,6.9,1.6,1.15,8.600000000000001,18.85,1.2,0.5,1.6500000000000001,0.093,-0.04999999999999999,-0.65,-0.7,0.30000000000000004,2015,203933.0,T.J.,Warren,T.J. Warren,"Warren, T.J.",T. Warren,tj-warren,1993-09-05T00:00:00,North Carolina State,USA,North Carolina State/USA,80.0,220.0,9.0,Forward,Inactive,N,1610612756.0,tj_warren,2014.0,2022.0,Y,Y,Y,2014,N,2,2,2,No
142,Terrance Ferguson,SG,19.5,OKC,67.5,1347.0,6.9,0.5555,0.6915,0.0885,2.2,5.1,3.5999999999999996,4.1,1.3,0.95,7.7,10.5,0.95,1.05,2.0,0.07350000000000001,-3.55,0.0,-3.55,-0.6,2018,1628390.0,Terrance,Ferguson,Terrance Ferguson,"Ferguson, Terrance",T. Ferguson,terrance-ferguson,1998-05-17T00:00:00,Adelaide,USA,Adelaide/USA,78.0,190.0,4.0,Guard,Inactive,N,0.0,terrance_ferguson,2017.0,2020.0,Y,Y,Y,2017,N,3,3,3,No
143,Terry Rozier,PG,21.5,BOS,56.5,787.0,7.95,0.396,0.34550000000000003,0.1275,5.85,14.9,10.4,15.85,1.35,0.5,12.2,17.4,-0.3,0.85,0.5499999999999999,0.0034999999999999996,-3.1500000000000004,-0.6499999999999999,-3.75,-0.04999999999999999,2016,1626179.0,Terry,Rozier,Terry Rozier,"Rozier, Terry",T. Rozier,terry-rozier,1994-03-17T00:00:00,Louisville,USA,Louisville/USA,73.0,190.0,8.0,Guard,Active,Y,1610612766.0,terry_rozier,2015.0,2023.0,Y,Y,Y,2015,N,1,3,4,Yes
144,Thomas Bryant,C,20.5,LAL,43.5,784.0,15.45,0.5575,0.3365,0.351,6.3,22.8,14.55,10.4,0.75,3.05,8.5,16.75,2.15,0.7000000000000001,2.8499999999999996,0.11399999999999999,-0.40000000000000013,-0.25,-0.6499999999999999,0.75,2018,1628418.0,Thomas,Bryant,Thomas Bryant,"Bryant, Thomas",T. Bryant,thomas-bryant,1997-07-31T00:00:00,Indiana,USA,Indiana/USA,82.0,248.0,6.0,Center-Forward,Active,Y,1610612748.0,thomas_bryant,2017.0,2023.0,Y,Y,Y,2017,N,2,2,2,No
145,Thon Maker,C,19.5,MIL,65.5,900.0,12.1,0.5285,0.369,0.2825,7.75,14.649999999999999,11.2,5.7,1.2,3.9,9.35,16.2,0.55,0.8,1.4,0.0845,-2.1500000000000004,-0.65,-2.75,-0.25,2017,1627748.0,Thon,Maker,Thon Maker,"Maker, Thon",T. Maker,thon-maker,1997-02-25T00:00:00,Athlete Institute Prep,South Sudan,Athlete Institute Prep/South Sudan,84.0,221.0,5.0,Forward-Center,Inactive,N,0.0,thon_maker,2016.0,2020.0,Y,Y,Y,2016,N,1,2,4,Yes
146,Tim Hardaway Jr.,SG,21.5,NYK,75.5,1778.0,12.399999999999999,0.533,0.5075000000000001,0.202,1.0,8.399999999999999,4.6,9.65,0.8999999999999999,0.5,7.7,21.700000000000003,1.75,0.2,1.9500000000000002,0.051500000000000004,0.1,-2.4,-2.3,-0.09999999999999999,2014,203501.0,Tim,Hardaway Jr.,Tim Hardaway Jr.,"Hardaway Jr., Tim",T. Hardaway Jr.,tim-hardaway-jr,1992-03-16T00:00:00,Michigan,USA,Michigan/USA,77.0,205.0,10.0,Guard-Forward,Active,Y,1610612742.0,tim_hardaway_jr,2013.0,2023.0,Y,Y,Y,2013,N,1,1,3,Yes
147,Tony Bradley,C,20.5,UTA,6.0,32.5,14.55,0.4205,0.0455,0.1535,21.700000000000003,22.4,22.05,4.75,1.35,2.2,7.55,21.0,0.0,0.05,0.05,0.0815,-3.3,-3.45,-6.75,0.0,2018,1628396.0,Tony,Bradley,Tony Bradley,"Bradley, Tony",T. Bradley,tony-bradley,1998-01-08T00:00:00,North Carolina,USA,North Carolina/USA,83.0,248.0,7.0,Center-Forward,Inactive,N,0.0,tony_bradley,2017.0,2022.0,Y,Y,Y,2017,N,1,1,3,Yes
148,Tony Snell,SG,22.5,CHI,74.5,1321.5,9.1,0.5195000000000001,0.5305,0.135,2.15,10.25,6.25,7.949999999999999,1.25,0.75,10.95,14.5,0.5499999999999999,1.45,2.0,0.07250000000000001,-2.2,0.2,-2.0,0.0,2014,203503.0,Tony,Snell,Tony Snell,"Snell, Tony",T. Snell,tony-snell,1991-11-10T00:00:00,New Mexico,USA,New Mexico/USA,78.0,213.0,10.0,Guard,Inactive,N,1610612740.0,tony_snell,2013.0,2021.0,Y,Y,Y,2013,N,3,3,2,No
149,Trae Young,PG,20.5,ATL,70.5,2311.5,20.45,0.567,0.4195,0.389,2.1,10.85,6.4,43.05,1.35,0.4,16.9,31.65,3.9,0.6499999999999999,4.6,0.0975,4.25,-2.55,1.65,2.0,2019,1629027.0,Trae,Young,Trae Young,"Young, Trae",T. Young,trae-young,1998-09-19T00:00:00,Oklahoma,USA,Oklahoma/USA,73.0,164.0,5.0,Guard,Active,Y,1610612737.0,trae_young,2018.0,2023.0,N,Y,Y,2018,N,1,1,1,No
150,Trey Burke,PG,21.5,UTA,73.0,2275.0,12.6,0.46399999999999997,0.3815,0.135,1.7000000000000002,8.85,5.25,27.2,1.25,0.35,11.3,22.85,0.9,0.8,1.65,0.035,-0.05,-1.9500000000000002,-2.0,-0.05000000000000002,2014,203504.0,Trey,Burke,Trey Burke,"Burke, Trey",T. Burke,trey-burke,1992-11-12T00:00:00,Michigan,USA,Michigan/USA,72.0,185.0,10.0,Guard,Inactive,N,1610612742.0,trey_burke,2013.0,2021.0,Y,Y,Y,2013,N,1,1,1,No
151,Trey Lyles,PF,20.5,UTA,75.5,1270.0,10.75,0.49050000000000005,0.3795,0.184,4.95,19.15,12.149999999999999,8.3,1.1,1.25,12.0,19.799999999999997,-0.15000000000000002,1.65,1.5499999999999998,0.055,-1.9000000000000001,-0.1,-2.0,0.0,2016,1626168.0,Trey,Lyles,Trey Lyles,"Lyles, Trey",T. Lyles,trey-lyles,1995-11-05T00:00:00,Kentucky,Canada,Kentucky/Canada,81.0,234.0,8.0,Forward,Active,Y,1610612758.0,trey_lyles,2015.0,2023.0,N,Y,Y,2015,N,2,3,2,No
152,Troy Brown Jr.,SF,19.5,WAS,60.5,1256.0,12.399999999999999,0.5055000000000001,0.2915,0.21200000000000002,4.8,18.1,11.25,14.5,1.8,0.44999999999999996,10.45,17.15,0.75,0.8,1.5,0.052000000000000005,-1.25,-0.7,-1.9500000000000002,0.09999999999999999,2019,1628972.0,Troy,Brown Jr.,Troy Brown Jr.,"Brown Jr., Troy",T. Brown Jr.,troy-brown-jr,1999-07-28T00:00:00,Oregon,USA,Oregon/USA,79.0,215.0,5.0,Guard-Forward,Active,Y,1610612750.0,troy_brown_jr,2018.0,2023.0,Y,Y,Y,2018,N,2,2,2,No
153,Ty Jerome,SG,22.5,PHO,32.0,558.0,10.65,0.505,0.5135,0.13,1.7999999999999998,12.100000000000001,6.9,20.95,1.7000000000000002,0.75,13.25,18.35,0.30000000000000004,0.35,0.65,0.038,-1.9,-0.35000000000000003,-2.2,0.09999999999999999,2020,1629660.0,Ty,Jerome,Ty Jerome,"Jerome, Ty",T. Jerome,ty-jerome,1997-07-08T00:00:00,Virginia,USA,Virginia/USA,77.0,195.0,4.0,Guard-Forward,Active,Y,1610612739.0,ty_jerome,2019.0,2023.0,Y,Y,Y,2019,N,3,3,3,No
154,Tyler Ennis,PG,20.5,TOT,39.5,532.5,9.0,0.4605,0.254,0.11549999999999999,2.0999999999999996,9.2,5.699999999999999,24.6,2.05,0.55,20.4,18.85,-0.35000000000000003,0.4,0.05000000000000002,-0.005000000000000001,-3.5999999999999996,-0.65,-4.3,-0.30000000000000004,2015,203898.0,Tyler,Ennis,Tyler Ennis,"Ennis, Tyler",T. Ennis,tyler-ennis,1994-08-24T00:00:00,Syracuse,Canada,Syracuse/Canada,75.0,194.0,4.0,Guard,Inactive,N,1610612747.0,tyler_ennis,2014.0,2017.0,Y,Y,Y,2014,N,2,2,4,Yes
155,Tyler Herro,SG,20.5,MIA,54.5,1571.5,12.9,0.5465,0.4485,0.1625,1.5,15.8,8.850000000000001,15.35,1.1,0.8500000000000001,11.65,22.9,0.15000000000000002,1.4500000000000002,1.65,0.0495,-0.35,-1.1,-1.4500000000000002,0.2,2020,1629639.0,Tyler,Herro,Tyler Herro,"Herro, Tyler",T. Herro,tyler-herro,2000-01-20T00:00:00,Kentucky,USA,Kentucky/USA,77.0,195.0,4.0,Guard,Active,Y,1610612748.0,tyler_herro,2019.0,2023.0,N,Y,Y,2019,N,1,1,2,Yes
156,Tyrone Wallace,PG,23.5,LAC,46.0,739.5,8.55,0.48350000000000004,0.125,0.2895,3.1,11.95,7.65,10.65,1.55,1.1,13.5,17.65,-0.30000000000000004,0.5,0.19999999999999998,0.009500000000000001,-4.35,-0.6000000000000001,-4.95,-0.5,2018,1627820.0,Tyrone,Wallace,Tyrone Wallace,"Wallace, Tyrone",T. Wallace,tyrone-wallace,1994-06-10T00:00:00,California,USA,California/USA,77.0,198.0,4.0,Guard,Inactive,N,0.0,tyrone_wallace,2017.0,2021.0,Y,Y,Y,2016,N,2,2,2,No
157,Tyus Jones,PG,19.5,MIN,48.5,673.5,12.5,0.48650000000000004,0.37150000000000005,0.244,1.45,8.35,4.9,27.85,2.9000000000000004,0.5,16.0,14.850000000000001,0.5,0.44999999999999996,0.9,0.0615,-1.25,0.09999999999999998,-1.0999999999999999,0.15000000000000002,2016,1626145.0,Tyus,Jones,Tyus Jones,"Jones, Tyus",T. Jones,tyus-jones,1996-05-10T00:00:00,Duke,USA,Duke/USA,73.0,196.0,8.0,Guard,Active,Y,1610612764.0,tyus_jones,2015.0,2023.0,Y,Y,Y,2015,N,2,3,4,Yes
158,Victor Oladipo,PG,21.5,ORL,76.0,2530.0,14.75,0.5205,0.2345,0.3175,2.05,12.149999999999999,7.05,20.6,2.55,0.8999999999999999,16.75,24.799999999999997,0.050000000000000044,2.4,2.4,0.0455,-1.0,0.05000000000000002,-0.8999999999999999,0.7000000000000001,2014,203506.0,Victor,Oladipo,Victor Oladipo,"Oladipo, Victor",V. Oladipo,victor-oladipo,1992-05-04T00:00:00,Indiana,USA,Indiana/USA,75.0,213.0,10.0,Guard,Active,N,1610612745.0,victor_oladipo,2013.0,2023.0,N,Y,Y,2013,N,3,3,4,Yes
159,Wayne Selden,SG,22.5,TOT,24.5,464.0,9.350000000000001,0.538,0.4685,0.299,1.55,7.0,4.25,12.25,1.3,0.55,15.3,18.950000000000003,0.0,0.2,0.2,0.0195,-2.75,-1.6,-4.3,-0.2,2017,1627782.0,Wayne,Selden,Wayne Selden,"Selden, Wayne",W. Selden,wayne-selden,1994-09-30T00:00:00,Kansas,USA,Kansas/USA,76.0,232.0,4.0,Guard,Inactive,N,0.0,wayne_selden,2016.0,2021.0,Y,Y,Y,2016,N,1,1,1,No
160,Wendell Carter Jr.,C,19.5,CHI,43.5,1183.0,15.35,0.5655,0.08549999999999999,0.3725,10.0,23.200000000000003,16.4,8.35,1.2000000000000002,3.6,14.15,17.75,1.2,1.4,2.5999999999999996,0.10350000000000001,-2.1500000000000004,0.15,-2.0,0.0,2019,1628976.0,Wendell,Carter Jr.,Wendell Carter Jr.,"Carter Jr., Wendell",W. Carter Jr.,wendell-carter-jr,1999-04-16T00:00:00,Duke,USA,Duke/USA,82.0,270.0,5.0,Center-Forward,Active,Y,1610612753.0,wendell_carter_jr,2018.0,2023.0,N,Y,Y,2018,N,3,3,3,No
161,Wes Iwundu,SF,23.5,ORL,65.0,1126.5,8.25,0.5055000000000001,0.2495,0.296,3.55,12.0,7.7,7.85,1.35,1.2,11.649999999999999,12.2,0.25,1.0499999999999998,1.2999999999999998,0.0525,-4.0,0.25,-3.75,-0.5,2018,1628411.0,Wes,Iwundu,Wes Iwundu,"Iwundu, Wes",W. Iwundu,wes-iwundu,1994-12-20T00:00:00,Kansas State,USA,Kansas State/USA,78.0,195.0,6.0,Forward,Inactive,N,0.0,wes_iwundu,2017.0,2021.0,Y,Y,Y,2017,N,3,3,3,No
162,Willie Cauley-Stein,C,22.5,SAC,70.5,1416.5,15.8,0.573,0.005,0.3415,8.65,18.5,13.65,6.6,1.75,3.3,10.85,16.45,1.9,1.45,3.3499999999999996,0.115,-1.0,0.15000000000000002,-0.9,0.35,2016,1626161.0,Willie,Cauley-Stein,Willie Cauley-Stein,"Cauley-Stein, Willie",W. Cauley-Stein,willie-cauley-stein,1993-08-18T00:00:00,Kentucky,USA,Kentucky/USA,84.0,240.0,8.0,Center,Inactive,N,1610612745.0,willie_cauley-stein,2015.0,2022.0,Y,Y,Y,2015,N,3,3,4,Yes
163,Zach Collins,C,20.5,POR,71.5,1200.5,10.5,0.5185,0.347,0.22999999999999998,6.75,17.35,12.1,7.1,0.8500000000000001,3.15,15.2,16.0,0.35,1.4,1.75,0.067,-3.0,0.25,-2.75,-0.15,2018,1628380.0,Zach,Collins,Zach Collins,"Collins, Zach",Z. Collins,zach-collins,1997-11-19T00:00:00,Gonzaga,USA,Gonzaga/USA,83.0,250.0,5.0,Forward-Center,Active,Y,1610612759.0,zach_collins,2017.0,2023.0,Y,Y,Y,2017,N,3,3,4,Yes
164,Zach LaVine,PG,19.5,MIN,79.5,2098.0,12.8,0.5315000000000001,0.2885,0.2365,1.5,10.85,6.1,21.3,1.45,0.5,16.65,22.75,0.6,0.35,0.9500000000000001,0.018000000000000002,-1.0,-2.05,-3.05,-0.5,2015,203897.0,Zach,LaVine,Zach LaVine,"LaVine, Zach",Z. LaVine,zach-lavine,1995-03-10T00:00:00,UCLA,USA,UCLA/USA,77.0,200.0,9.0,Guard,Active,Y,1610612741.0,zach_lavine,2014.0,2023.0,N,Y,Y,2014,N,1,1,1,No
